tweetid,sentiment
169760,1
35326,1
224985,2
476263,1
872928,1
75639,1
211536,1
569434,1
315368,1
591733,1
91983,1
67249,1
143459,2
663535,1
20476,2
815297,1
274098,1
30045,1
681487,1
708966,0
393689,1
186705,1
233977,0
525794,1
863649,1
315964,1
588985,2
669979,1
137059,-1
556915,1
951973,0
72939,1
205796,2
478581,1
453375,1
555551,1
219030,2
546209,1
416919,1
433824,0
621526,1
616108,2
70943,1
153248,0
854719,2
616444,2
118418,-1
846132,1
443106,-1
758958,2
376412,2
667731,1
222107,0
349545,1
284026,1
564727,1
522979,-1
460970,1
371750,0
251299,1
485211,1
502976,1
623282,1
217605,2
225330,0
58854,1
723671,2
366409,2
704565,1
655925,0
717618,1
922449,0
729885,1
599133,1
89885,0
249039,1
440750,1
18663,1
314549,1
643414,1
61835,0
659073,0
178597,0
152298,0
581943,1
781913,1
336886,1
624852,1
655116,1
5591,1
731620,1
872882,0
320393,1
353463,1
816508,0
636325,1
53058,1
725589,1
693559,1
66255,2
218797,1
307092,1
188557,2
137392,0
597086,1
96006,1
330509,2
78639,-1
536231,2
304814,1
553696,2
455898,1
745466,1
846719,-1
722710,1
989172,1
492079,0
315869,2
32675,0
959684,0
641938,2
933443,-1
458401,1
554994,1
461467,1
902353,1
178794,1
387356,1
380276,0
824355,-1
685606,1
85488,1
50608,2
447977,2
943930,1
183083,2
359626,1
810128,1
380913,2
516209,2
993538,2
594772,2
22428,1
991876,1
504172,1
283272,1
914599,1
752129,-1
701957,1
858489,-1
221704,1
409406,0
468372,0
818509,1
204729,1
394896,1
397593,0
465474,1
450344,1
502719,0
816499,0
291002,1
301225,0
402773,1
81233,1
642569,2
900041,0
67900,0
237131,1
311030,2
975455,1
69232,0
156024,2
268543,1
586693,1
709157,2
582003,-1
689136,1
953619,2
971710,0
809619,1
595597,-1
274499,1
771063,1
597739,1
110053,-1
723442,2
881554,1
704923,2
822018,1
505322,2
120776,2
404757,2
811053,2
317696,1
734766,-1
841196,1
400682,2
649511,1
740566,2
798359,1
861578,1
5417,-1
609894,2
174874,0
227482,2
316886,1
112798,0
44507,2
444423,0
878768,2
951095,1
970445,0
208227,2
545402,1
498559,2
454769,1
490905,1
343981,1
891649,1
794296,1
669149,1
104997,2
54711,2
756770,1
632633,2
882503,1
604089,-1
37591,2
304290,-1
167356,1
398680,1
268980,1
485450,0
246743,1
83632,2
804653,2
614272,0
699619,0
128361,2
617614,1
756863,0
550624,1
971913,1
597102,1
468901,1
512603,1
869,1
135515,2
471002,2
76054,1
835455,0
593722,-1
209903,0
311687,1
38624,0
140169,1
50739,1
134179,-1
368885,1
955073,1
642519,1
849811,-1
377434,2
61946,-1
128149,1
545779,2
145812,1
839220,1
23630,-1
631635,2
659284,1
636800,1
246233,1
224961,1
227170,2
24500,1
444613,-1
173797,1
183700,2
305251,1
487336,2
521403,1
741971,2
171732,0
354162,2
572875,1
337961,1
39327,1
666488,1
686787,0
248289,1
644357,0
106812,1
492300,0
929522,0
827492,1
92888,0
748860,1
544547,2
970736,1
805808,1
320551,2
210944,1
109631,1
251292,1
170364,2
948426,2
780776,2
693604,0
799998,1
373943,2
593149,0
264289,1
479344,1
820909,1
492817,2
831733,1
405413,1
685176,1
982870,-1
92655,1
929710,1
365298,-1
597644,1
908494,1
532450,1
431470,1
261786,2
126953,2
157454,1
911863,0
968491,-1
341684,2
868000,1
937870,1
196243,2
749947,1
10201,2
861465,1
418775,2
561942,1
61831,0
224428,1
470738,2
694377,1
557591,1
504856,0
988980,1
811937,1
78955,1
166783,2
2520,2
268418,1
911873,0
380946,1
841067,0
760341,1
872864,1
833511,1
795400,-1
947288,1
97754,0
848402,1
77036,1
280663,1
654324,2
105628,2
227665,1
169839,1
334216,1
502105,1
174279,2
193681,2
457324,0
562231,1
254480,0
432635,2
916814,1
217862,1
454694,1
512554,1
249736,1
979904,2
841942,0
141852,1
279014,1
511552,2
502057,2
822243,0
586976,1
870627,1
809260,1
258979,1
342572,1
833715,2
63205,2
327,1
286773,2
831328,2
265516,1
988076,2
92963,1
813089,2
372840,1
460869,0
700900,1
54421,1
83811,1
932229,2
14731,1
416245,1
91717,1
37782,2
168950,2
791767,1
612474,1
863569,1
833620,0
831050,2
327186,2
70954,1
744906,1
410805,1
321290,0
560166,1
199999,2
520958,1
486093,1
433768,2
170942,1
97769,-1
574580,1
427983,0
536786,1
64572,0
932658,1
875904,1
388184,1
448406,1
280094,2
196585,1
297123,2
583405,1
749358,1
8540,2
92130,1
682459,1
493774,2
81514,1
937131,2
683822,1
181932,1
185061,2
718905,2
467768,2
50360,0
37282,1
324725,1
587613,2
759085,-1
995304,2
62430,1
959472,-1
134816,1
443799,0
84144,1
626595,0
382192,1
249680,2
209100,0
505060,2
510212,2
454150,1
900706,1
355447,1
415557,2
431394,1
796461,2
551013,2
71926,1
260753,1
883406,0
973790,2
673020,1
573493,1
850799,1
596499,1
430720,1
970612,1
645141,1
122672,1
572212,2
590281,1
185082,1
643999,1
276142,-1
522428,1
242869,1
859835,0
179238,2
830861,1
659715,0
742214,1
44768,1
156753,1
689726,-1
659825,1
805236,1
484743,1
843791,1
401342,0
268165,1
450971,2
969588,2
493909,1
775367,1
102955,1
356595,1
860992,1
478186,2
235851,1
859554,1
383555,1
568803,1
522415,1
493050,0
568528,2
371027,1
554560,1
969599,2
70097,2
898167,1
483103,1
773089,1
436540,1
214657,2
824653,1
132616,1
962166,1
357327,1
183595,1
338190,-1
821753,2
782634,1
355771,2
102889,-1
335544,0
417438,1
99418,1
774033,2
151834,1
573075,1
675187,1
488287,2
317596,1
848773,0
177318,2
743728,1
166017,1
668192,1
242646,1
572824,1
516374,2
569974,1
368987,1
35989,2
439267,1
425036,1
978741,0
161511,1
158819,2
225262,1
398562,2
940439,1
657384,1
348631,2
950221,1
390207,1
633050,2
45603,1
892219,1
763551,0
219247,2
78219,2
106376,1
664990,2
61204,2
444521,1
162744,1
10394,-1
107336,1
400960,0
157258,1
762553,1
398197,1
513701,1
450710,0
192494,1
376697,1
466375,2
600809,2
337306,2
597597,1
282282,1
619747,1
848426,1
468720,0
954154,1
544640,2
192358,1
768797,1
817583,1
864589,1
104220,2
725297,1
973859,-1
942269,2
145192,1
965827,2
861437,2
296887,2
817495,1
273994,-1
799474,1
177872,2
532392,0
770417,1
706812,1
193396,2
863034,1
967152,1
948038,1
608126,-1
412897,1
970466,-1
604868,0
94532,1
820173,1
833762,2
604371,2
961064,1
419528,1
79982,1
564369,1
489017,1
887262,2
402712,-1
963864,1
854765,1
331759,0
26332,2
238943,1
431614,2
329434,1
680680,2
39578,1
670432,1
371166,2
686203,1
118985,-1
263823,-1
275604,2
390449,1
553573,2
159171,0
172630,-1
867879,-1
555667,0
107607,2
671813,0
29467,1
424298,1
247885,1
66440,0
794065,1
383354,1
73974,1
597362,1
873587,1
755011,2
736998,1
117248,1
692018,1
813376,1
834684,0
546314,2
876985,-1
207998,1
110340,1
715656,1
88611,1
716533,1
269830,1
661339,2
96822,1
101833,1
548873,1
432375,1
963943,1
105738,1
814952,2
933283,0
476266,1
713154,1
729178,1
739461,1
46459,1
564711,1
9295,0
89381,1
997108,1
434160,2
632113,0
349480,1
981685,0
891296,-1
795819,2
22856,0
176472,1
760306,1
364909,0
593804,2
307467,1
610642,1
129662,1
569359,2
561862,2
423167,2
840583,1
683275,2
190548,1
958471,-1
740052,1
631040,1
976028,1
990527,1
58802,1
406698,1
166458,1
758638,2
864544,1
937863,2
839640,1
43118,1
554437,1
24114,0
594987,2
2994,2
983985,1
738824,1
578675,2
246789,1
459925,-1
723464,1
939557,0
962770,1
432283,2
295172,0
354011,1
917171,0
368282,1
799357,1
218943,1
354686,2
180377,1
979574,0
457365,1
855074,1
527673,0
785117,1
973760,0
928581,2
56229,2
489025,2
43190,1
563462,1
972585,1
593576,1
327139,0
615819,0
538945,2
967095,1
993681,-1
568295,1
969003,1
644408,1
956047,1
525657,1
56665,1
617655,0
838447,1
931195,1
577981,1
870874,2
480174,2
695290,-1
645362,0
475332,2
78586,1
792010,-1
600177,1
579760,2
733217,0
130633,1
246139,1
83570,1
233932,1
65704,0
720328,2
182815,-1
992508,2
582996,1
712952,0
217793,2
960416,-1
387077,2
62147,1
158157,1
16196,2
211659,2
368185,-1
681044,1
368951,0
200078,1
947641,1
591630,1
60500,1
257401,2
478713,0
735450,1
633125,0
610055,1
632978,1
365076,0
875539,1
758419,1
709088,1
768261,1
209509,-1
127305,0
121053,1
19558,1
801712,1
837454,1
541857,2
11629,1
10359,1
66175,1
23284,2
211731,-1
32828,1
300306,1
798465,1
429350,1
96211,1
287991,1
580986,2
782530,1
446353,0
404665,1
971456,1
503290,2
675704,1
225076,2
593471,1
481167,2
161297,2
270003,1
411180,1
271499,2
672109,2
602150,1
575468,1
181408,0
161726,1
977902,1
788232,2
725006,1
722658,2
600224,1
793349,2
451620,0
424135,-1
88627,0
806009,1
192064,2
685562,1
284646,2
715307,2
883501,2
842439,1
33587,1
730304,0
87268,1
494947,-1
557924,1
351002,1
361958,1
624214,2
513910,1
506543,0
778056,1
357156,1
370081,0
880261,1
509403,0
580774,1
837095,2
560337,1
132783,2
304998,1
819879,1
849455,2
346200,1
625746,2
677462,1
107732,2
277516,1
119700,2
219147,2
773453,1
813113,1
121431,2
258442,1
15784,2
491379,2
767093,1
508244,1
711697,2
78517,1
592053,0
723025,0
310230,1
751878,1
617843,0
265859,1
410288,0
708448,2
254072,2
791956,0
515974,1
972791,1
330960,1
126876,1
316154,1
179087,1
586916,0
70846,1
752225,1
404604,2
836527,1
678059,0
333311,0
74980,1
477908,1
506657,-1
980875,0
805679,1
193548,1
818493,0
625918,2
215713,1
126166,1
709380,1
570628,1
898663,1
103967,2
934788,1
327499,1
953095,1
592527,1
488806,0
531595,1
899135,1
661210,1
311285,-1
956537,1
536614,1
518252,1
101697,2
136250,1
571656,1
614530,1
506382,2
990558,1
414640,-1
757228,-1
741160,1
80801,0
14077,1
44115,1
782491,1
141116,1
758470,1
111565,1
108937,2
333960,1
495632,0
855633,1
387274,1
944823,-1
676644,0
674904,2
706197,1
751823,1
534701,2
776680,1
856934,1
838992,0
73072,0
592976,0
120301,2
477557,2
331101,1
587789,2
106773,-1
714124,1
772086,1
656418,2
372287,1
481477,1
938734,1
922926,-1
339447,-1
325978,0
42066,1
382638,-1
16052,1
450371,1
450653,2
299753,1
643564,2
975417,1
890333,1
759258,0
82004,1
187640,1
790339,1
760264,1
34404,0
387284,2
111495,2
263613,-1
811478,1
615025,1
709431,-1
815398,0
429819,0
55201,2
918786,1
505250,1
811168,-1
616510,2
810332,1
778191,1
644140,2
614087,1
350693,2
224411,1
187760,0
673695,0
624957,2
682615,1
674916,2
404402,2
53072,2
48112,1
785837,1
184816,1
230210,1
915999,1
376465,1
194186,1
106745,2
992715,1
274295,2
841614,1
855159,2
369248,1
400854,2
232119,1
770087,1
61801,2
582837,2
696188,1
710747,1
943396,1
943553,2
957958,2
170910,0
680524,1
565587,1
749902,2
748072,1
937512,0
130999,1
342929,2
406526,0
281624,0
111021,2
898463,1
920547,1
300268,1
6377,1
150851,2
836682,0
975094,2
303263,1
469044,1
826563,1
879918,2
803773,1
535044,2
129239,1
123544,0
955118,1
763466,1
302824,1
970253,1
536636,2
225644,2
901410,1
976357,1
276425,2
698782,1
476182,-1
560795,1
734099,2
874279,-1
528799,2
844516,1
42001,0
729333,2
910929,2
436637,0
539943,-1
158515,1
913083,2
196246,2
312900,2
247152,1
621919,1
72893,1
989727,1
828411,1
231642,2
294532,0
322655,2
238643,2
226893,1
22945,0
667052,1
330901,0
893735,1
844155,1
598545,1
792602,0
81394,0
79720,2
450891,1
689110,2
603282,2
151774,1
427833,2
514030,2
450842,2
663940,0
289537,1
93580,2
999485,2
16012,0
602434,0
128526,1
567878,1
311040,1
397558,0
659249,1
732039,-1
257083,2
653366,2
764741,1
240417,-1
941193,1
249928,1
355194,1
466127,1
986184,2
194736,-1
193995,1
630191,1
467505,1
385475,1
537515,0
689188,1
629787,0
125791,1
873126,1
634159,1
5824,1
626130,1
710596,2
739055,1
584269,1
930286,2
803604,2
902313,1
365571,1
418391,2
260874,1
53754,2
406691,1
958946,1
135258,1
349414,1
988959,0
954431,1
985836,1
698510,2
509363,0
625498,2
896827,1
393734,0
326465,2
856169,1
404748,0
330862,1
455496,-1
571982,2
298506,0
98423,2
660483,2
219919,2
967026,1
640859,2
574291,1
673739,2
490703,1
811513,-1
357267,2
366205,2
47116,1
41555,2
666135,1
997640,1
381416,1
168327,1
492253,2
422735,1
667117,0
202823,0
10908,1
366599,2
394665,1
734589,1
210821,0
191243,1
435686,-1
7931,1
331666,2
998608,1
598170,0
981822,1
349039,2
131708,-1
440962,0
719287,1
866736,0
793383,1
486705,2
206701,2
812095,1
813429,1
300273,1
246003,0
357693,1
127689,2
554542,2
713892,0
855661,2
413022,-1
204680,1
865502,1
70808,2
542694,1
521642,1
90760,1
599952,1
116224,1
781730,1
222272,2
520111,1
470642,1
241795,2
585620,2
969978,1
800466,1
665096,2
59084,2
813349,1
312981,1
965523,0
921337,1
791417,1
472174,1
514550,1
418510,1
344814,2
555242,2
603943,2
996818,1
518736,0
194144,2
548422,1
781735,1
90786,1
3051,1
402995,2
224269,1
891634,1
661409,0
776823,1
773037,1
716592,2
709740,1
230435,0
105775,1
277235,1
323839,0
485009,1
991522,1
421384,1
407930,1
499185,2
634042,1
281534,1
29564,1
777475,0
73475,1
924278,1
945887,0
133825,-1
750622,2
340947,0
477970,2
841038,1
331429,1
861934,1
117689,-1
231985,2
452498,1
147151,1
402278,2
515529,1
816064,0
320416,1
674363,0
45153,1
294203,1
69149,-1
892557,2
714218,1
374533,2
799765,-1
406896,1
493645,1
77622,2
351139,1
598383,2
437099,1
811260,0
289021,2
411748,2
834122,2
531633,0
138830,1
855031,0
621398,1
591179,2
665535,-1
625048,2
395927,1
819363,1
226513,2
230277,1
217668,1
646356,-1
585846,2
320140,0
7769,1
128883,2
930716,1
52091,2
865029,2
678269,0
646896,2
151820,1
126071,2
390635,-1
846830,-1
903429,1
552575,1
51238,1
398685,1
442076,0
245264,0
1847,1
800950,2
236737,2
371083,1
288557,1
645411,1
582358,1
105065,-1
105707,0
487304,1
966654,2
367823,1
649275,0
29185,2
172119,2
685650,2
173254,1
287735,2
97811,1
838235,1
254835,-1
318905,1
259043,1
381017,1
649757,2
529954,2
663529,2
423720,1
22777,2
766694,1
166583,1
282634,1
353764,0
461317,1
31680,2
998009,1
491318,1
970330,2
476860,1
415960,2
937064,1
935085,1
863837,-1
166987,2
65621,2
486600,0
389265,2
151202,1
906908,1
98725,1
741135,2
184479,2
364623,0
289083,2
101465,0
877671,2
414975,1
819137,1
162715,1
889367,1
682050,1
468148,2
276721,2
809015,-1
82904,2
629958,1
282539,1
576641,1
721032,1
985863,-1
351847,1
102182,0
432256,1
810959,1
339263,1
426325,0
634147,1
43694,1
693219,2
840612,2
292313,2
459823,2
458700,1
886294,0
72399,0
838493,1
239467,0
966716,1
88590,1
270660,1
612857,1
481502,2
953534,2
399293,0
325715,-1
412226,1
817566,1
610516,2
921902,2
279576,1
164195,1
233989,1
650411,2
531313,1
4333,1
643985,1
556079,1
362728,1
619584,0
498930,1
711047,0
280183,1
710884,1
669728,2
873903,2
133051,2
580652,1
122184,1
297918,1
443350,1
942345,0
487311,2
624290,-1
462841,1
682584,1
86801,1
614098,1
71036,1
603798,2
539219,1
571734,1
891254,1
16967,1
366465,2
468888,0
755956,2
854237,1
929586,2
972465,1
47414,0
237511,2
473045,1
719760,1
3380,1
915945,-1
746072,1
793658,1
718346,0
991582,-1
186975,1
544544,-1
598757,0
352182,0
799769,0
285144,1
406272,1
92988,1
36673,0
558989,2
261633,-1
239960,2
938879,2
638143,2
162574,0
78388,2
966667,2
865944,1
972181,1
946851,0
214800,1
728032,1
600651,2
728584,1
706681,0
589739,2
450581,2
47561,0
401905,2
800981,1
589183,1
222534,1
357670,1
923142,1
497636,1
443455,1
730705,0
830855,1
255556,2
961712,0
589379,0
956735,1
216207,0
650019,2
606200,0
753836,2
847322,1
273226,1
83629,-1
226734,1
788872,1
870974,2
591870,2
568912,1
789519,1
731488,0
244090,1
735125,-1
764484,1
646717,-1
31157,0
152232,1
414280,2
587546,0
821756,2
373215,1
826764,1
733307,1
596788,-1
57392,0
761256,1
586312,1
93389,0
93917,1
73551,0
165581,1
156791,1
823794,1
63392,1
182207,1
829750,1
101290,1
639078,2
960964,2
884242,2
333194,1
180605,1
724302,1
464585,1
857134,1
289751,2
746574,1
5343,1
477522,1
446879,1
546541,0
732463,1
380608,1
336640,1
52477,1
194507,-1
538733,2
622382,2
758067,1
969245,1
6204,2
360927,2
733862,1
254831,1
312789,1
683632,1
698155,1
581241,1
685887,1
495618,2
98564,0
422534,1
378882,1
175872,-1
135908,1
840249,2
37433,2
231996,1
573211,0
703385,1
11101,2
819890,0
572492,0
120502,1
146930,2
913546,1
808868,1
383788,1
629338,1
429250,1
327253,0
233323,1
754966,2
5107,0
285700,1
997597,1
605325,2
181468,2
921776,1
131890,1
727491,1
407368,1
720318,2
521215,1
699505,2
260605,-1
4496,1
162556,0
283270,1
631070,1
343853,2
195609,2
729294,1
342029,1
31305,1
974349,1
827385,0
110637,1
330981,1
716213,1
673772,2
533976,1
467243,1
671317,2
232183,1
489015,-1
356158,1
988748,1
240002,1
873392,2
345670,2
356761,1
530584,1
177001,1
525148,1
347083,0
784269,2
420686,-1
918830,1
550616,2
696228,1
861731,1
677852,-1
591361,1
962050,1
76649,1
832328,1
239449,1
467995,1
467450,-1
127162,1
477381,1
58715,1
701473,1
893061,2
335217,1
909071,2
471885,1
164325,1
875446,1
366749,1
625267,0
805316,1
779520,0
967449,2
39093,1
306078,2
983065,1
106475,1
380508,2
236562,2
589848,1
741895,1
204042,1
238985,-1
468940,1
467571,1
86934,2
650045,1
334396,1
308397,2
435631,1
206312,0
565453,2
250852,1
511144,1
985030,2
5045,1
962371,1
179695,2
571674,-1
708517,1
949891,0
451267,0
463572,1
527910,-1
446310,2
105414,0
18138,2
653784,1
331838,1
650762,1
826394,1
164947,1
871573,1
737732,1
78892,-1
950200,2
484870,2
382863,0
155451,2
361880,2
625561,1
675442,0
113514,2
19397,1
718093,2
428411,-1
908602,1
595852,1
866548,2
516734,1
203690,1
457889,1
42699,1
564817,1
519244,-1
634222,2
851947,2
925224,1
776585,0
603969,1
848121,1
745737,0
706675,1
891427,2
311901,1
190297,1
782363,1
44291,1
370428,2
899174,0
144125,2
422237,1
554582,2
242199,1
232219,1
224076,2
945898,2
564911,1
343688,1
371908,0
627574,1
180485,0
249763,1
651375,2
660951,1
657758,0
237867,2
782819,1
791928,1
294609,0
850390,2
396547,1
142830,1
250983,0
443938,0
831490,2
418267,-1
860398,0
763872,1
574726,1
142336,1
213055,2
455829,1
656699,1
171902,2
350128,1
714025,-1
17420,0
44772,1
643168,1
704610,0
820523,-1
37607,1
680087,1
509948,1
938423,1
476346,0
617648,1
659939,1
510346,2
106516,2
187412,1
530662,1
969059,1
233113,0
881485,1
396578,2
722776,1
69263,0
783056,1
29053,1
45878,1
845042,1
78628,1
899274,1
485857,1
914284,2
590949,1
286808,1
449133,1
145375,1
769261,1
769524,0
968896,1
313839,1
775822,1
293312,0
495182,2
896063,1
2325,2
795486,1
135329,1
885345,2
703319,1
595781,1
243128,-1
589175,1
473007,1
145261,2
942956,1
524966,2
713766,2
440834,-1
94839,1
730063,2
120270,0
73612,1
432813,2
317254,1
149855,1
588233,2
860852,1
762132,1
694699,1
357323,1
617071,2
909332,1
460019,1
175290,0
845224,1
77234,1
337929,1
846396,1
515567,0
365305,2
410068,1
123198,1
287376,1
799250,2
744900,2
505135,2
380314,2
272452,1
164506,0
825234,1
959388,0
502275,0
663775,2
515364,1
29777,2
857998,1
930993,1
225367,1
299046,1
54060,1
153537,1
77959,2
238755,-1
913486,1
14443,2
604691,1
56693,2
397430,2
292158,1
263045,0
686702,1
111969,2
575864,0
592714,1
788130,2
283215,1
463455,0
84395,2
111750,1
930512,1
582792,2
172215,1
856082,2
788739,1
509947,1
407486,1
93916,1
49777,1
794018,-1
448173,-1
461282,1
44346,1
505510,0
782839,1
104045,1
568580,1
758553,1
53400,1
441214,1
953386,2
143711,1
120075,1
215972,0
439116,1
186431,2
593449,1
607278,1
582945,0
922510,1
767792,1
795952,1
944860,0
444063,-1
865922,2
752668,1
977914,1
252208,2
772954,1
254837,1
237616,2
371131,1
343754,2
449316,1
185570,0
47008,2
19133,2
375376,1
578099,2
763558,1
162367,1
690491,1
698617,1
620254,2
217118,0
232363,1
816170,1
449825,1
672636,0
179091,0
231038,2
291804,2
710495,1
553086,2
323962,0
581600,1
704427,1
438734,1
209379,1
415615,1
284806,2
310499,2
346116,1
771257,1
129670,2
532461,0
847765,1
541807,1
151102,-1
301061,-1
920481,0
223008,-1
804457,1
577544,1
724299,1
615253,-1
414925,2
905949,2
633508,1
270235,1
560973,2
337725,1
307063,1
248899,0
693471,2
32083,2
581827,1
447640,2
862171,1
263238,1
177423,-1
556777,1
814230,2
34166,1
355856,1
961882,-1
762704,1
602494,1
34702,2
715552,1
355679,1
854686,1
171389,2
820375,2
752605,1
923279,0
150302,1
444048,1
772347,1
707363,1
43036,1
31741,1
902354,1
732442,2
691266,1
115042,1
522188,1
815935,-1
621337,1
933944,1
545889,0
639168,2
655821,-1
217577,2
988338,1
310934,-1
384173,1
850427,1
614699,0
146362,2
58112,1
466658,1
798525,2
569963,1
434900,-1
51794,0
373733,2
78426,1
591624,1
376278,1
881145,2
423932,1
154517,1
809256,1
592760,1
326267,2
557614,1
657699,1
792471,1
687325,0
184414,-1
160393,1
846792,2
615738,2
988164,1
487047,1
469101,-1
804088,0
981726,1
661325,2
395935,1
404054,1
336290,1
458596,2
721106,-1
837210,2
370613,1
123115,1
306643,1
666144,2
108718,-1
319332,1
579193,-1
358166,0
141738,0
260609,2
581967,-1
132595,1
488092,2
392202,-1
315476,1
205530,2
659291,1
436218,2
90685,1
142415,1
24934,2
409382,1
920431,2
796763,1
845251,1
388243,1
604797,1
152641,1
248936,2
938144,2
424611,1
329124,1
665784,0
640825,1
163428,-1
556966,2
462236,1
940585,1
836959,1
203375,1
254557,0
980954,0
24797,1
281199,1
574766,0
887404,2
291525,2
649648,1
753473,2
305074,1
328063,1
567452,1
195871,2
540520,1
875626,1
672918,1
17142,1
644643,2
558196,2
718420,1
941514,1
142228,-1
114046,2
201727,1
432369,1
387738,1
199691,2
180304,2
673181,0
146042,1
558321,0
486158,1
656852,1
746973,2
443873,-1
946854,2
206666,1
329798,2
494754,2
964787,1
992585,2
626550,1
338140,1
86710,1
880166,2
461185,1
840127,-1
909823,1
347835,1
41851,1
429019,1
822696,1
398282,1
939362,1
44160,2
193712,2
628281,1
489292,1
616565,1
347410,1
17963,2
76228,1
601837,1
569634,1
57381,1
120440,1
34596,2
28256,2
499154,0
352917,0
642374,2
597069,0
830957,1
317312,1
827075,2
588394,-1
706639,-1
182537,1
16854,-1
443398,2
434602,1
554528,2
30214,1
171137,2
875060,2
961114,2
246680,2
244205,2
552594,-1
726305,2
354750,1
71830,1
345645,2
212044,1
200267,1
942846,1
174493,1
333002,1
146187,1
793908,1
496143,2
966647,1
323,0
803875,2
402047,1
534219,1
703000,1
671584,0
559320,0
188050,1
887516,-1
645866,1
466328,1
415728,1
503003,0
298164,1
633000,1
512067,1
235641,2
343381,1
733240,1
136832,2
389026,1
852347,0
25002,2
294027,2
648266,1
810469,1
224435,1
952397,1
12004,1
185013,1
486832,2
86045,1
133514,1
799864,1
781356,1
866735,1
788791,1
907298,0
930620,-1
580848,1
438124,2
400009,1
956741,0
748695,1
831576,2
683218,1
531715,1
555874,1
672398,2
293081,1
506419,1
776853,1
857439,0
860763,2
169809,1
410150,1
776743,1
830459,0
612043,2
247011,2
404518,1
997644,2
111741,1
921727,1
921922,2
349946,0
632649,1
10315,1
448017,0
561814,-1
88851,2
317861,2
419424,1
185650,0
931895,-1
893553,1
159886,1
48509,1
697646,2
260134,1
958366,1
497671,1
890683,1
219061,2
50736,1
742031,1
431195,1
159717,2
641424,1
423512,2
229137,2
798844,1
693406,2
371036,1
211835,1
757133,-1
937342,1
977747,1
333823,1
669775,2
260295,2
677043,1
477036,1
194820,2
833593,1
737103,2
838487,2
14362,1
433532,1
375715,1
274541,2
115978,1
905000,1
343053,0
168437,1
794305,-1
149132,2
255482,1
786652,1
18795,1
261144,2
2575,1
477704,1
645226,1
613988,0
141972,1
863542,1
922667,0
419431,1
960388,0
853322,2
622813,1
785330,2
810188,0
53815,2
818404,0
747464,1
754308,-1
128943,1
996229,2
964585,1
959469,2
354761,1
102989,2
67926,1
122021,1
549342,1
446441,2
196355,1
589487,1
70611,1
683684,1
978725,2
13287,1
809747,1
838185,1
647188,2
616174,0
754798,1
620739,1
644772,1
96841,2
818549,0
24845,1
397713,1
924727,0
164077,1
442722,1
583077,0
840571,1
415337,-1
148578,1
239214,0
521908,2
947679,1
227844,1
701507,1
617736,2
509196,1
585430,1
839425,0
414230,2
916592,1
705572,1
282147,0
201741,1
464689,-1
506099,0
315331,-1
258435,-1
910541,2
394712,2
424092,2
204080,1
744870,1
644004,1
107636,1
661174,1
19909,1
927163,1
358829,2
186937,2
98072,1
43449,2
996972,1
365705,1
27742,1
165638,1
419439,1
254018,1
980316,0
849752,1
601238,1
763081,2
767129,2
292040,1
800470,0
408830,1
902403,0
495974,1
97966,1
612358,2
601862,2
484009,2
24147,1
545781,1
404273,-1
459068,1
706804,1
570687,2
611072,1
985616,1
164701,1
599031,2
291016,1
871590,1
375923,1
625713,1
544267,0
597520,1
201908,1
779450,2
41388,2
324210,1
527518,1
995095,0
68508,-1
645526,0
803925,2
310865,1
243590,2
739831,1
838039,0
93918,1
115526,1
164262,2
727311,1
735220,1
468210,1
689122,2
53596,1
799186,1
101084,1
30439,1
810252,1
821303,-1
292964,1
302407,1
271892,1
732321,0
447410,1
803265,1
196513,1
365268,-1
202213,2
325954,1
969878,1
626863,1
549662,1
583897,2
81079,2
74615,1
390771,1
921683,1
260545,1
746062,1
523766,1
369387,1
387902,1
407975,1
843647,0
668518,1
259924,1
823007,2
133194,1
999383,1
844853,2
811166,1
700248,1
312802,2
703577,2
842529,1
133240,1
637996,1
242561,1
970006,1
651603,1
339673,1
675644,1
793976,1
162961,2
469570,1
681176,1
887401,-1
891406,0
751950,2
965377,1
773946,2
84122,1
845066,1
389748,1
837821,2
967629,1
864765,-1
266087,1
41710,2
112134,2
513080,1
452254,0
564272,1
876098,1
273845,1
343129,0
622330,2
296515,2
199651,1
265010,1
124863,1
619557,1
500287,0
366450,1
626887,1
426254,2
535685,1
617761,1
616786,2
863271,2
516407,2
148449,2
849472,1
665945,1
479060,1
736724,2
288008,1
638394,1
779022,1
951766,1
535506,2
202738,1
863224,0
870370,0
721194,1
981141,-1
252336,1
77169,1
68528,1
38903,0
256464,1
11425,1
898966,-1
860813,1
873715,1
81184,1
106630,0
203802,-1
904553,1
793878,1
727291,1
659013,2
170414,-1
545030,1
935399,1
720843,1
24407,1
368110,1
503818,1
556178,1
905326,1
337724,1
69700,1
114542,0
160079,1
903579,1
646349,1
161942,2
598614,1
663644,1
329622,2
263883,1
296398,1
566777,2
158516,0
764934,2
404621,1
803119,0
610999,1
737690,1
312628,1
712615,1
188749,1
814343,1
988637,2
880191,2
280042,0
630479,2
46849,1
667139,-1
445425,1
136052,0
811010,1
170283,1
900662,1
493441,0
94212,2
753640,2
312169,1
202533,1
102614,1
619990,2
86350,1
63121,2
121852,2
600352,1
124929,1
75897,2
574497,1
24804,1
596222,1
906004,2
539619,2
110125,2
448051,0
790726,1
822650,1
381243,1
730979,1
936649,1
587095,0
612202,1
429050,-1
700694,1
851416,2
547091,2
51713,2
125090,0
81094,1
46987,2
10385,0
660879,2
815867,1
182651,2
13152,1
612985,2
668026,1
286216,2
872878,1
346203,1
717045,1
118481,2
67795,1
965112,2
942456,1
49607,1
336321,1
220175,-1
218973,1
458027,-1
932536,-1
239165,1
473283,1
10468,1
965411,1
733655,1
383468,1
796762,2
184596,1
327092,1
158124,2
998269,1
332356,0
495084,0
610404,1
478417,0
599073,0
476278,1
433925,2
184487,1
899620,1
237593,1
637818,1
487541,2
323186,1
767342,0
897943,2
893076,1
227111,1
484479,1
142536,1
511856,1
486621,-1
793118,1
350625,1
875997,1
520873,1
980231,1
486454,1
790783,2
119066,0
795590,1
703949,0
226753,0
497219,2
133965,-1
108181,2
574156,1
510374,1
547861,2
154116,1
445954,1
997533,2
624946,1
463357,1
912071,1
789575,1
733504,2
921494,1
182771,2
577188,-1
77565,1
13576,1
850213,1
233403,1
158376,1
42715,2
125277,0
794752,1
738883,1
646317,1
908688,2
767328,2
771691,1
259880,1
825122,2
884467,0
787682,1
609778,1
737682,0
908388,2
424425,1
323128,1
628679,1
678862,2
838507,1
205713,1
681150,1
7572,1
941573,2
274509,1
684872,2
370024,1
291351,-1
155280,2
493518,-1
955736,1
475150,1
814784,1
934550,-1
236229,0
868776,1
724046,0
948949,1
383876,1
131974,1
986064,-1
428108,2
926841,1
494582,2
781163,-1
92910,2
486,2
491939,2
53227,0
800250,1
253165,2
31100,0
457211,1
164443,1
646128,1
26297,1
641969,1
593800,0
256579,2
805014,0
418189,1
640885,2
497723,1
627483,1
654700,2
237079,1
432087,2
572031,1
962862,0
73015,2
308754,1
686614,-1
620529,0
342626,1
875135,2
135651,1
566883,1
708737,2
771565,2
146085,2
713094,1
540959,1
824998,1
387636,2
6977,2
581176,1
272574,2
312899,2
405772,0
423226,1
15617,2
73801,1
581076,1
763519,1
916909,1
646077,1
551261,1
182472,-1
180047,2
986479,1
238659,1
76266,1
98479,1
177204,2
298152,1
328729,1
297260,1
567264,1
329437,1
985621,2
789426,0
246326,1
933736,-1
378617,0
254499,1
174922,1
312720,1
568863,1
903966,2
730989,-1
191303,-1
261053,0
179969,1
411209,2
293338,1
224041,1
627912,2
763334,2
769155,1
93337,1
802385,1
42183,2
407596,-1
368054,2
618952,1
648741,0
877147,1
996306,1
154289,0
333682,1
746454,2
504683,1
455348,2
744762,2
153848,0
429721,1
460217,1
622753,2
925836,1
140313,2
498154,2
848278,2
694120,2
614569,1
511015,1
56117,-1
97915,1
684968,0
290122,1
896238,1
105501,1
155182,1
243396,0
425069,1
3804,2
92161,1
360732,1
850932,0
20149,1
695895,1
972635,1
986282,2
568549,1
434652,0
507521,-1
263473,-1
267646,0
149939,2
274077,1
776304,2
370879,1
404861,1
204227,1
819486,1
142966,1
818701,1
274044,1
665722,2
421305,2
704236,1
349774,1
635513,2
652424,0
146233,0
676332,0
696485,2
474898,1
939207,-1
135234,1
4494,1
678001,0
505970,0
656254,1
552023,2
561933,2
885448,2
284977,0
455946,0
891808,2
349787,1
598581,1
327527,-1
631112,1
780626,2
617439,1
778454,0
411141,1
694508,1
451340,1
200823,1
252827,1
997245,2
593241,1
150780,1
701541,0
342006,0
182752,2
597528,1
979212,1
730965,-1
705732,2
852885,2
567968,2
58159,2
485485,1
270505,1
221568,1
261639,2
493242,0
988625,1
127890,1
582873,1
596848,1
653100,2
681574,2
228139,2
121922,1
941781,1
169175,1
253167,1
715413,1
15656,1
825086,0
207315,1
823519,0
369940,1
359076,1
802295,1
44252,2
230042,0
663144,-1
235342,2
948529,0
649033,-1
622688,1
500735,0
295382,1
982200,2
349178,1
395381,1
544107,1
538241,-1
591984,1
45181,-1
708342,2
950412,2
118586,-1
833509,1
694880,0
501069,2
537327,1
736909,2
777838,1
14607,1
198247,1
532727,1
971954,0
506983,-1
740265,2
628974,1
273978,0
890446,1
555626,1
266376,0
555259,0
605751,0
642647,1
8695,-1
288654,1
420856,1
822637,1
495623,1
444782,1
598329,0
581704,-1
274996,1
185975,1
6500,2
4922,1
314724,2
864689,2
890303,0
298217,1
58759,2
665061,2
711365,1
53886,1
639109,2
955199,2
56403,1
986454,1
725929,-1
308560,0
63259,1
893580,1
910594,1
635622,0
332270,1
230361,0
970928,2
987005,-1
599243,1
415291,1
353090,2
571695,0
442038,1
766968,1
572932,1
770249,1
380515,0
308454,0
870967,1
35630,1
809561,1
51932,0
937854,1
845936,2
48136,0
337375,1
129260,-1
651061,1
949433,1
38474,1
780400,0
900148,1
717361,0
315768,0
1094,1
371575,1
334703,2
347301,1
333023,2
760539,1
986393,1
113410,1
533841,1
646375,0
208765,1
874552,1
581056,1
564133,1
238576,0
771517,1
569298,2
362439,1
313524,2
453646,2
267618,1
552103,1
922833,1
161548,2
547728,1
882173,2
196745,2
329376,1
561279,0
152362,1
577289,1
569331,1
797033,1
697697,2
705751,2
780961,1
607260,1
56078,2
233570,1
900516,2
526766,1
950781,1
445119,2
299523,0
700364,1
638191,0
746929,1
585971,1
568079,2
102283,2
154483,0
870534,1
367520,0
483579,0
846473,1
863386,1
448491,2
879144,2
661533,1
778544,1
26334,0
568606,2
694622,1
176767,1
787826,1
765977,1
79002,1
628012,2
468570,1
989146,1
458415,1
677605,1
896052,2
689114,-1
743964,-1
562549,2
609521,2
769546,1
936010,1
28321,1
907350,1
15176,1
619727,0
755696,1
659339,1
868242,2
878577,1
27645,1
94375,1
96253,0
106662,2
927688,1
174681,1
5808,1
562069,-1
697588,0
323681,2
767676,2
23872,-1
901914,2
940000,1
152867,1
174045,1
952247,2
420045,1
219993,1
384450,1
284022,2
281768,1
969999,1
692396,0
566712,1
397080,1
400965,1
553873,1
314655,2
210043,1
66392,2
888438,1
42015,2
155936,1
456964,2
100619,2
165244,-1
918091,2
225368,1
809620,1
543287,1
858075,2
342041,1
501333,2
688842,2
259862,1
844239,-1
939482,0
851282,0
782419,1
156502,1
411451,1
778098,2
748621,1
991104,1
429100,1
242868,2
383918,1
665976,0
464303,1
136987,2
210063,2
931052,1
726315,2
430258,2
366927,1
303238,0
485960,1
300485,2
486143,2
487258,2
86791,1
483979,-1
557002,1
651130,1
240130,1
854919,2
126330,0
959514,1
669369,1
906463,1
251017,2
17936,1
275097,1
973737,1
398175,1
549419,1
830932,1
62153,1
836743,1
688979,1
467710,1
786829,1
475922,0
756330,1
129546,1
283112,-1
177141,1
27227,-1
991302,0
769041,1
982553,-1
882621,1
953530,1
834944,1
561470,1
384297,1
521834,2
878776,1
800561,0
332192,1
626665,1
720978,1
471603,1
840316,0
270413,0
666499,0
934904,1
750005,1
370595,1
93511,1
389325,1
285464,1
537960,1
523402,1
453346,-1
286755,1
735544,1
737829,1
866869,1
887135,1
539693,1
912791,1
32937,1
607228,1
678005,1
547998,1
111384,2
135862,1
585961,1
851295,2
876430,2
161949,1
265741,1
469560,1
625147,1
843557,0
246532,2
397532,2
363915,0
535584,1
195696,1
432742,1
45471,1
147931,2
351920,0
728240,1
15379,1
138964,1
406562,0
673979,2
6599,2
3316,1
963207,2
292792,1
715826,2
901330,0
658591,2
700745,2
684686,0
585044,1
72912,1
292080,2
775106,1
429183,1
79809,1
710041,1
359322,1
558178,1
883974,2
796425,2
792125,2
603149,-1
412743,0
899120,1
77176,1
48054,1
744133,0
792380,1
450463,0
923478,1
825217,0
92054,2
455204,1
166549,1
864815,0
736961,2
495799,1
988766,1
440864,1
7273,1
114016,2
713565,-1
713129,1
681654,2
633587,1
489731,1
71236,1
954902,1
608676,2
841621,1
938387,0
96791,1
336255,1
654234,1
568095,1
297199,1
63520,0
146672,1
156613,0
209688,2
233240,1
635250,0
818370,2
250804,2
472432,1
526619,2
932140,1
678223,2
499800,2
94093,1
975989,1
546488,2
823328,1
83230,1
613657,1
465639,1
37735,0
508126,1
338723,2
216769,1
924616,1
128444,1
781378,1
161766,-1
629937,-1
448114,1
337455,1
928110,1
348665,1
925085,1
350345,1
255901,1
798119,0
649555,2
678457,1
127945,1
306053,1
429997,2
84686,0
178031,0
433817,1
727081,1
92555,1
736073,1
684291,-1
208436,1
631966,1
632170,1
552169,2
700411,1
398682,-1
864408,1
791122,1
311939,0
212992,1
439770,1
888670,1
246648,1
52909,1
185340,1
954861,2
312141,2
779676,1
501230,1
655913,1
869690,2
692291,0
7733,2
323305,-1
522534,-1
255257,1
342294,0
336712,2
847143,1
958883,0
32011,2
645444,1
591370,2
921487,0
213184,0
191035,1
486019,-1
967576,1
485397,1
274091,1
971373,0
80530,2
441388,1
219687,1
589095,1
717337,2
309919,-1
624761,1
538959,2
933506,0
255735,1
960885,2
547227,-1
955114,1
490235,1
30625,1
344466,1
352351,2
91361,1
644448,1
321910,1
294122,0
502744,1
450547,0
952430,2
917415,0
546639,-1
498408,1
19737,1
89008,1
401448,2
117558,1
713838,0
52888,1
692934,1
211232,2
738012,1
430717,-1
429013,2
622733,2
175296,1
208540,2
341637,0
980407,2
747972,1
10675,2
413483,2
492601,2
440868,1
179308,0
850302,1
994884,-1
280069,1
225213,-1
383465,0
495245,0
457142,2
918082,-1
850665,0
119798,1
197624,-1
419286,2
66539,1
937594,1
458056,0
391586,1
537905,0
940773,1
63636,1
350290,0
399262,1
879570,1
242644,1
360419,0
702569,1
195816,1
757711,0
927763,2
709644,0
713965,2
645834,1
917740,0
102859,1
302987,1
533731,1
989796,0
998974,1
238041,0
849413,2
277751,1
42975,0
243718,2
993297,1
162328,-1
341635,-1
650311,-1
244956,1
203918,2
474921,2
111066,1
706768,1
701078,2
469942,-1
396077,0
930734,1
769160,0
324,-1
685392,2
195255,-1
132265,0
232617,1
671491,0
24200,1
670870,2
187081,1
740680,2
183014,1
1002,-1
437581,1
13562,0
525771,1
484704,1
435190,2
563240,-1
980945,1
71688,1
43993,1
674237,1
609692,0
994995,1
17950,2
660705,0
488065,1
718541,1
789782,2
774504,1
942387,0
913856,1
68822,1
498872,-1
282396,1
607114,1
293524,1
67727,1
926215,-1
237135,2
13937,1
105223,2
989572,0
548324,0
565886,1
319852,2
958100,1
343719,1
731863,1
603466,1
119608,1
692785,1
764412,0
853757,1
822612,1
400706,-1
506377,1
676465,1
528708,2
426419,2
540054,1
912100,2
274630,1
554174,1
905680,1
418450,-1
418141,1
307012,1
890324,0
682705,1
379783,1
843593,-1
22034,1
616085,1
672236,1
440264,1
162520,1
571452,0
178299,2
187726,2
162956,1
650239,1
285695,1
62508,2
601101,1
888833,1
452911,0
532091,-1
647934,2
205997,1
376530,1
491158,-1
670340,0
63710,0
373166,0
123762,1
949504,0
282697,0
796241,0
968995,2
114369,1
505454,1
804838,1
254338,1
357839,2
356216,2
27874,1
985071,0
718353,1
10863,1
519963,0
398011,2
858431,1
781976,1
647740,-1
509315,2
180805,1
153440,1
721700,1
665905,1
425155,0
592618,1
604000,1
706419,1
626332,1
675525,2
35335,2
879999,1
695422,0
282559,-1
347486,1
237897,1
83693,2
434463,-1
936349,1
467990,1
339981,1
998342,1
769234,1
812406,0
325242,1
274653,-1
141806,1
239144,1
537273,1
147807,2
207974,-1
357314,2
789590,-1
752831,0
719483,2
717031,2
744804,2
912022,-1
541124,1
999263,2
986822,1
397991,1
819649,1
917021,1
742017,1
68689,1
233448,0
391815,1
625916,1
602874,-1
384242,1
248317,1
597775,0
505736,1
830762,1
268977,2
169209,1
674056,1
303834,1
893012,2
950264,1
155098,1
643801,1
37382,0
239109,1
811745,1
307324,1
651589,-1
728961,2
995965,-1
32617,1
345264,1
670510,2
187322,-1
643839,-1
656403,1
407063,1
456801,1
279241,1
173656,2
140144,2
695410,0
342379,1
904821,-1
102149,1
315058,1
443380,1
328359,0
822742,2
363827,1
369444,1
15004,1
425757,2
795670,1
994106,-1
521233,1
629606,0
428345,0
376182,1
557421,1
351678,2
566520,2
951080,2
431383,-1
164681,1
711690,0
487536,0
12892,1
93856,1
616594,2
55340,2
977890,2
767055,1
449932,0
916728,2
116029,1
385866,1
560183,1
264529,0
410097,1
759381,1
846166,1
975978,2
73908,1
564366,2
218212,1
774290,-1
468930,2
692526,1
425303,2
907670,2
345212,0
686682,2
130895,2
78847,0
813529,1
512340,2
643621,2
492385,0
105981,2
106267,1
395551,-1
133092,1
62304,1
773877,2
261474,2
2066,1
880642,2
168822,-1
291414,1
518500,-1
474278,2
250041,2
369792,1
549105,0
735919,1
415660,0
390548,1
586365,0
801663,1
21444,2
429715,0
485778,2
353052,1
39102,1
874377,1
582519,1
714029,1
562887,1
161206,0
242518,0
333341,2
526794,1
862925,2
964831,1
141282,1
642970,-1
437390,2
251594,1
3947,2
782071,1
876155,1
518691,0
571034,0
57352,2
444558,1
44613,1
583126,1
516278,1
599097,1
144626,1
362282,1
465505,1
781993,1
840724,1
385584,1
332709,-1
913766,1
49767,1
416908,-1
607640,1
642312,1
66809,0
55451,1
776252,1
146193,0
839366,-1
579210,2
597687,2
619476,1
414013,0
380700,1
896367,-1
334698,1
314624,1
991473,2
549413,1
242209,1
969368,1
348883,0
418492,0
470540,-1
458378,1
109266,1
796016,1
146189,0
908598,1
305829,1
150626,0
314295,2
785092,2
349953,1
315604,0
719053,1
625475,1
904281,1
864899,1
98191,1
393935,-1
976682,1
115902,2
714477,2
904871,1
40002,1
196167,1
876677,1
639041,1
658238,1
118538,1
585684,1
212373,1
439871,2
372248,0
808291,1
740677,1
286600,1
39137,1
242134,1
789533,1
974607,1
121892,2
925466,1
659381,1
71947,1
619589,1
538261,1
401624,-1
592687,1
770681,1
655254,1
803295,1
770982,1
841939,1
773430,0
910369,1
529946,0
453960,2
199412,1
928138,-1
89026,2
936076,1
48194,1
543968,1
428811,2
199176,1
308647,-1
472164,1
14347,2
792863,1
730475,1
302030,0
729730,1
355810,-1
520559,2
116986,0
242175,1
214431,-1
627510,2
372797,1
821047,1
859883,1
184039,-1
575649,2
406507,1
208568,1
371985,1
440835,1
647629,1
897754,2
802877,1
254620,2
306648,1
80762,1
65253,1
221872,1
655251,0
400521,2
899111,2
213627,1
32882,1
127013,1
296021,1
246508,1
881303,0
877621,-1
913736,1
28168,2
616816,1
337927,1
60850,1
382625,0
306424,1
125916,1
887268,1
646241,1
833300,1
640993,1
185928,0
723717,1
161924,-1
653426,1
326871,1
23219,2
694941,1
511624,2
713841,-1
757148,1
233609,1
481699,2
788178,1
258840,1
180910,2
143846,2
397187,2
735956,2
697066,2
398754,1
159756,1
583833,0
347170,0
840626,2
976083,1
936082,-1
707118,1
230817,0
647480,0
886880,2
669722,1
89211,0
965203,0
205053,0
792494,1
810157,0
244378,2
953700,0
823363,-1
643295,1
844388,1
111866,2
891158,1
658186,1
376161,1
733882,0
524949,1
754796,2
747068,2
260344,1
341280,1
833793,1
456224,0
942777,1
813648,2
703664,1
454700,2
774633,0
713981,1
439771,1
877051,1
557810,2
999361,-1
541390,2
843489,1
864943,1
624938,2
672160,1
651084,-1
657393,1
730399,2
507652,1
836399,2
231,1
141372,2
67600,-1
486188,2
788413,1
163707,0
175537,1
899924,2
387467,1
300294,1
263648,2
546601,0
208409,1
988785,1
460408,1
596290,1
152927,2
330596,2
813049,1
29924,0
966487,1
211780,1
934971,0
396644,1
389863,2
151900,1
529295,0
197911,0
795755,1
826090,0
10291,2
827586,0
342303,1
467556,0
237893,1
182715,2
523321,1
363106,1
23004,2
928252,2
391847,1
675665,2
348827,1
729449,-1
232059,0
171354,2
161420,1
920419,2
125728,1
529144,2
38443,1
923595,2
281501,1
755722,0
34877,1
948297,1
655292,0
624662,-1
617813,1
872665,1
251854,1
836359,1
798768,1
922488,1
446131,1
711942,1
132672,0
117315,1
786925,1
88937,1
841709,1
764509,1
263838,-1
903611,1
135121,1
144821,1
632162,2
360173,1
448103,1
678866,0
415234,1
724647,1
665309,2
957065,1
224939,1
133760,1
402953,0
647958,-1
973496,1
211487,0
970549,1
322361,1
758055,0
34105,1
684967,-1
167784,1
645719,2
183603,1
644988,1
417921,1
634015,1
855655,1
364166,1
818184,1
637913,2
584433,1
54701,1
417381,2
883513,2
518360,1
599938,1
638621,1
961715,1
697302,2
167532,2
65065,2
872916,1
199128,0
977732,0
387630,-1
42462,0
349811,1
534173,1
785799,-1
403726,1
504476,2
32252,1
440593,1
892685,2
536460,1
806307,1
670875,1
681122,1
781879,1
247068,2
112810,2
603763,1
340383,1
401550,1
397696,-1
292460,0
46055,0
922725,0
420119,0
345844,1
495305,1
575462,1
353591,1
697999,-1
645309,2
775388,-1
616411,1
137885,1
451960,1
789115,0
477120,1
471531,2
643397,2
981119,2
905720,1
527327,1
214262,2
764356,2
285265,1
109031,2
889920,1
918544,2
345862,0
626861,2
407425,1
112891,2
892965,1
500622,1
359206,1
132398,1
141932,1
27158,1
312699,1
641045,0
548793,2
614023,1
195809,2
462314,1
505590,1
475827,2
347787,2
246778,1
974119,2
585186,1
76203,0
637597,1
999983,1
465780,1
735013,0
290151,0
347870,1
446311,1
408612,2
196509,1
129739,1
624840,1
806364,1
616197,1
376651,-1
568226,-1
51453,2
646773,-1
462459,1
932633,1
420183,-1
992903,1
968742,-1
345859,-1
890862,1
674121,1
268219,1
7655,1
497236,1
186163,1
706987,1
128531,1
315675,2
746780,1
968654,1
252133,1
53344,1
933095,0
161392,0
694317,2
682757,1
583969,1
230320,2
927233,1
702609,1
449579,0
52493,1
275488,1
308521,1
960368,1
275530,0
833217,2
800449,0
244138,1
642606,-1
370237,1
36966,1
12748,0
465047,1
688977,1
843598,1
790157,1
242160,1
628826,0
446288,2
322424,1
803087,2
634079,1
825627,2
961667,1
33808,0
198272,1
990123,0
469488,1
463957,1
880361,1
584773,1
374553,0
183275,1
113375,0
190844,2
795230,1
444102,1
259635,1
497056,1
205201,1
830570,2
177632,2
874661,0
204768,1
426709,0
666101,1
728666,1
622683,-1
539304,1
490246,2
862832,0
91092,2
629284,1
581779,-1
767922,2
207825,1
488877,1
290673,2
587933,1
12343,2
991667,1
366178,1
990370,1
345018,2
900182,-1
23133,2
813652,1
155474,2
265814,2
976781,1
853893,1
125784,1
722067,1
203641,1
455687,2
21780,-1
739736,1
663336,1
669160,1
99220,0
736519,2
162533,2
272392,0
809568,1
408446,0
293618,-1
614427,2
448949,1
434123,1
694186,0
480120,1
343589,0
595575,1
880717,2
302744,1
631761,1
706535,-1
121619,1
177940,2
94004,1
300637,1
324458,1
336980,1
3151,1
390611,1
336024,2
811013,2
920143,2
824716,1
453544,0
368830,0
556824,1
744397,0
647697,2
539985,1
399389,1
715168,0
784741,1
117318,1
568817,1
377392,1
111643,0
8723,1
262101,1
551225,2
377121,2
388278,2
387855,2
396758,-1
821375,1
307577,-1
11874,2
152947,-1
373196,1
681799,1
195033,2
470515,1
542193,1
786188,1
952036,1
782706,1
232723,1
443670,2
685079,1
276015,1
373750,0
956265,1
847491,1
511736,2
301549,2
491260,-1
502197,2
972927,1
740869,1
519113,1
573875,1
858962,1
528969,1
570551,2
883034,0
169392,1
269695,1
47454,1
391822,1
628083,-1
644328,-1
436950,1
26551,0
647139,0
179680,2
363692,2
483048,2
540983,0
788092,-1
205106,2
785011,1
33426,1
338299,0
240223,0
514220,2
767021,1
458376,1
871950,0
648034,2
302254,1
638987,1
543051,1
518964,1
205963,1
895438,1
838812,1
396598,1
9385,1
53503,1
857881,1
899149,2
983942,1
717325,1
193613,1
287333,0
242144,0
966042,0
167148,0
3451,-1
223188,1
571929,1
484537,2
261371,1
333480,1
717182,1
18369,1
239212,1
713047,1
896499,1
19234,-1
576063,2
865976,0
865858,0
214133,1
7500,0
461792,1
909060,0
896636,1
923236,1
363209,1
943350,0
23718,1
732753,-1
436406,1
226552,2
995707,1
860633,1
283389,1
828750,2
750985,1
10691,1
968989,1
283169,2
479441,1
49000,2
895112,1
89198,2
731498,2
873492,1
748686,1
493732,2
666504,1
291794,1
591070,1
399545,0
898448,1
655033,1
653524,2
933765,2
98740,2
701254,0
460181,1
750030,1
745890,1
633094,1
885609,1
642211,0
893929,1
233330,2
187583,1
1778,1
468742,0
757706,2
197401,1
145207,1
969010,0
93645,1
262801,0
874333,1
593952,1
874815,-1
792528,1
96606,1
104081,-1
951844,1
240191,0
741518,1
490704,1
787476,1
356997,1
804006,2
873876,2
623346,1
987897,1
914419,1
412157,0
2028,-1
605102,2
749238,2
307392,1
397422,-1
338237,1
80541,1
449512,1
294833,1
413620,2
387693,1
450373,1
589886,0
516932,2
581483,1
346955,1
734933,2
288357,1
303455,-1
224575,1
576795,-1
15284,1
573941,1
919384,1
719494,0
24551,2
183366,2
336178,1
634250,0
609196,2
974078,1
839965,1
232062,0
924312,2
575336,1
124851,1
806164,1
732761,1
500599,1
412117,1
906349,0
913803,1
393406,1
189856,0
310554,0
919892,1
569801,2
817363,0
440342,0
720834,1
406014,2
142478,1
759688,1
371839,1
628608,-1
488708,1
498562,1
43007,-1
466461,1
103442,2
685532,1
488405,1
681057,2
353092,1
284569,2
395034,2
366099,0
577799,0
854121,1
264258,1
349261,1
122095,1
910800,1
638147,-1
101951,0
309070,1
570235,1
59157,1
669686,2
558941,1
51268,1
991319,0
514870,2
52275,1
44216,1
326352,1
930456,1
837886,0
425286,1
354627,1
590555,0
540462,0
981998,2
135020,1
981661,-1
805343,1
776590,1
700547,2
575771,-1
810435,1
107181,0
122281,2
556956,1
77126,1
290670,1
517369,1
808687,1
114203,1
15842,2
102935,0
23002,2
404865,2
567081,-1
211891,1
619002,2
684757,1
179146,1
935520,-1
824330,1
150637,1
119377,1
768227,1
149919,2
669199,1
185722,1
336736,1
544432,0
461608,0
543004,2
34682,0
92880,1
215890,1
888835,2
181401,0
189154,1
872090,1
845259,1
218304,1
567409,1
399514,2
672209,0
4403,2
445740,1
464276,0
886163,1
187666,2
160670,1
285723,2
272753,1
170877,1
698764,1
132467,1
39110,1
606934,1
17095,1
13523,2
462723,-1
389239,-1
587505,0
690523,2
253146,1
167461,1
716193,1
754194,0
937593,1
795201,2
941129,1
951756,1
541050,1
676119,2
383346,2
318732,1
177261,2
374551,1
335242,1
669156,2
147257,1
631258,1
577768,0
556221,2
172964,1
767518,1
905221,1
937706,1
676551,2
411028,1
968883,-1
65085,1
974176,1
281304,1
860156,-1
885791,1
174569,2
674895,1
70824,1
604290,-1
927676,1
731245,1
143452,1
342692,1
871087,2
761613,1
798311,1
635795,1
700014,1
791049,1
279700,1
507646,1
444407,1
465916,2
134834,1
852541,1
962364,1
176463,1
992510,1
975849,1
420299,1
704863,2
421447,1
935240,2
461836,2
819440,1
419330,1
535890,2
841407,1
826224,1
546860,-1
624360,1
587419,1
389504,1
860824,1
793887,0
945522,2
436399,1
797196,1
642292,1
258901,1
233757,1
875599,1
860413,-1
922066,1
719718,2
667210,2
954662,0
593300,0
491493,2
943128,1
670317,1
550089,2
152533,0
725903,2
685530,1
679978,2
247717,1
803475,2
776944,1
232693,1
752730,1
526205,1
831699,-1
739965,1
251342,2
718512,1
816966,2
903146,0
891315,1
787078,1
21589,1
322283,1
867456,1
22847,1
520018,1
767439,2
808874,2
257679,2
635476,1
336477,2
398328,2
386898,0
559407,1
658452,1
64700,1
636423,1
906223,0
773709,1
441850,2
133043,-1
553119,1
632138,1
320905,-1
975115,1
38430,1
733245,1
384813,1
464528,1
786000,1
684182,1
221073,1
965970,1
691400,-1
691422,0
63149,1
94816,1
613499,2
910979,0
50617,1
529874,2
144763,1
477049,2
718864,1
799336,1
429124,1
16399,1
389891,2
803662,2
45923,1
260020,1
780749,1
618441,-1
139969,1
723808,-1
188951,1
609927,1
98321,2
513818,1
943916,1
847508,2
425538,1
231808,1
618984,1
810170,1
952783,0
310439,1
955627,1
201714,0
253507,1
336728,1
739980,1
652034,2
786046,0
338331,1
978337,1
559940,2
930566,-1
619635,2
44405,0
436944,2
609023,1
888451,1
565182,0
230971,1
966471,1
633801,1
596337,1
434014,1
876617,1
60545,1
971322,1
634921,1
851954,-1
717758,1
421679,1
890281,1
665551,1
356135,0
963332,1
574829,2
81371,1
603906,0
468076,1
659606,1
97195,2
493580,1
880721,0
96026,2
252046,1
856130,1
472832,0
209090,1
609183,0
514259,1
681249,1
25872,1
408169,2
905925,1
459544,0
913419,2
71764,1
92104,2
74545,0
870533,2
393229,2
686549,1
299868,1
725140,2
661441,0
474203,1
242949,1
179621,2
537577,1
847478,1
884263,-1
793221,2
819944,2
490010,2
939135,0
323575,2
893288,2
116830,-1
362231,0
471844,1
176547,1
565202,2
329502,1
638907,1
614055,1
51534,1
945333,1
122940,-1
469138,1
880749,1
778694,2
104364,1
368719,2
193727,2
665192,1
565739,1
343223,1
279885,0
892105,1
140680,1
790521,0
412336,0
445997,2
779795,2
681616,2
367686,-1
506370,1
132168,1
759108,1
607329,1
833214,1
989639,1
381419,2
152267,1
84283,1
983881,2
657049,1
460356,1
700177,0
724623,-1
269340,1
535460,0
552058,2
163554,2
243130,-1
943320,0
931056,2
574005,-1
321998,1
313038,2
651974,0
744160,1
911544,1
28314,1
420118,1
865942,2
782992,1
175154,1
65902,2
787883,-1
791692,2
207757,1
976442,1
758755,-1
867625,1
607007,1
938596,0
994970,2
528695,1
534510,1
661942,1
715352,2
786120,1
840591,2
649191,1
229841,0
783682,1
218198,2
446581,1
936827,2
152582,2
728227,1
11920,1
622280,2
735540,-1
9279,-1
757282,0
904522,1
347211,1
820479,1
756206,2
678920,2
440259,1
559157,1
406889,0
388681,0
88041,1
854980,1
922520,1
213898,1
145369,1
860687,2
680519,1
321220,1
882331,0
907463,0
335976,1
622805,0
349122,2
324368,0
581146,1
455964,1
160166,1
580239,1
18671,2
716376,1
979435,-1
252476,1
838635,2
846835,1
981163,-1
236535,1
927987,1
710593,1
610576,1
758414,1
18822,2
424206,1
154236,0
729958,1
407521,1
824810,1
554576,1
996125,1
508149,0
280895,2
110710,1
583480,1
667841,0
949978,1
396471,-1
837179,0
737124,1
294524,1
641827,1
416947,1
515505,2
588319,1
604614,0
446458,2
37360,1
704078,1
544705,2
63842,1
901931,1
269577,1
138417,2
426497,1
674947,1
247478,0
209270,2
992108,0
255923,0
972520,1
942975,2
664932,0
799405,1
937887,2
173729,1
485359,2
134379,2
760079,1
398627,1
32929,2
299783,2
44735,1
728497,1
183312,1
94753,1
14623,1
353731,1
297818,1
713609,1
362414,1
34025,1
704233,1
579173,2
591696,1
315835,1
270023,1
926733,1
30642,2
665957,1
28337,-1
417278,1
50742,1
358351,0
200711,1
389793,0
454424,1
717217,2
294907,1
198716,-1
606121,0
970000,2
398295,1
849951,1
971806,1
500923,2
307702,1
960324,1
645317,1
29213,1
477346,1
299162,1
544515,1
880298,1
612332,-1
766985,2
361680,2
302664,2
200394,1
447949,1
99648,1
928859,2
83796,1
925802,-1
294633,0
303648,0
314580,1
572088,1
200392,1
641822,1
385091,1
556789,-1
203724,1
296730,2
916865,2
435206,0
797442,2
586862,0
544527,1
342507,1
159414,1
873750,2
240786,1
912315,-1
430947,2
502009,1
406685,1
783825,2
994307,1
826534,1
958248,0
965880,0
641657,1
250465,1
447013,-1
855359,0
807064,-1
986805,1
461201,2
488707,1
895905,1
801388,1
34910,0
242159,1
45534,1
976055,2
937872,0
838818,1
590122,1
21289,2
762446,1
164145,1
397452,2
95291,2
870694,0
419126,1
314286,1
951661,0
187089,2
375759,1
679611,1
422353,1
886918,0
678095,2
839278,1
379592,1
738080,1
336714,1
1816,0
657388,1
683321,1
477660,1
223453,1
421643,0
43719,2
381965,1
294032,1
109220,1
874526,2
440019,0
927947,2
574554,1
128567,0
378707,1
592854,0
456458,1
962041,2
750953,0
52542,-1
122796,1
187289,1
265431,0
828671,1
244357,-1
753421,2
204521,1
14384,2
938581,1
739493,-1
272480,2
293270,2
407620,2
221779,1
700583,2
491385,1
648006,-1
271260,1
68436,2
7675,1
820467,1
957518,1
192926,1
970423,1
960163,0
458966,0
644790,1
85869,1
775140,1
802518,1
110473,1
640417,1
280223,1
494357,1
174044,1
731471,2
3723,-1
3202,0
549109,1
873234,1
580874,1
56879,-1
608787,1
151713,1
457952,1
155514,1
572568,1
471996,1
749681,1
85658,0
509974,1
45633,2
163316,1
168820,2
540509,1
203774,1
589068,1
930997,1
327726,1
673125,1
470462,1
275391,1
723919,1
446680,1
141194,1
583867,-1
302930,1
757862,2
649240,0
551327,2
162535,2
715022,2
356711,2
279120,1
564,1
121545,1
242286,2
625921,1
216342,-1
534568,2
173469,1
451677,1
565007,2
858239,2
707167,1
581249,1
833702,1
14926,1
448775,1
864201,1
15881,1
57888,2
525539,2
672859,1
297051,-1
413953,-1
20613,1
783978,2
44946,2
739146,1
242763,1
427532,1
482620,1
338775,1
963222,2
853096,-1
178136,1
507896,-1
872710,1
756649,0
427921,2
236300,1
472843,1
585050,1
722000,1
652221,2
157054,1
758676,1
842465,1
212791,1
695776,1
699957,1
232164,2
517116,1
930064,1
576283,0
265567,1
17842,1
798939,0
168339,2
106814,1
825225,1
360538,1
612554,0
853657,2
98480,1
177484,1
777232,2
768047,1
881405,0
671404,1
329427,1
184153,1
859092,1
456205,1
280330,1
203075,2
272683,1
102279,2
251364,1
691018,1
171437,1
584523,1
352915,1
938918,2
118705,1
362862,1
162835,1
684924,1
192051,-1
302733,0
338757,2
964326,1
84507,1
785363,1
504198,2
232387,1
169990,1
191543,1
746266,1
389694,-1
202010,1
693828,0
234488,1
933815,1
536804,2
568070,1
757915,2
214113,1
430081,2
219191,2
154202,2
265504,1
192317,0
231203,0
921692,0
582394,2
103419,2
469177,1
67327,1
409807,1
576187,1
550239,0
648313,1
375610,2
288718,1
661607,1
440008,1
937627,1
721289,1
287145,0
281673,1
886513,2
407091,0
42518,0
742525,1
118175,0
339939,1
746758,0
47529,1
750212,1
162028,1
937194,2
491132,1
474018,1
361042,2
799826,2
513377,1
329632,2
994041,2
721268,2
93850,2
610899,1
418447,1
502706,2
910420,1
103571,1
338728,2
143979,1
908115,1
224771,2
203179,1
784900,1
795672,1
197824,1
158701,0
863844,1
678273,1
291587,1
380473,1
144028,0
296369,2
100221,1
353354,1
74660,1
359734,2
593537,1
461573,0
787803,1
498737,0
700957,1
504538,2
736901,2
651995,2
853083,1
582931,2
356177,-1
140282,1
615437,0
59916,-1
358757,1
144672,1
239716,1
661831,1
795858,1
124164,1
129832,2
112460,1
242681,1
160144,1
422103,1
546746,2
219843,1
151006,1
190868,2
994821,2
531825,1
35242,2
858151,2
432143,-1
12320,1
831941,1
584499,-1
524383,2
795138,-1
152972,1
703808,1
620420,1
465164,2
384067,1
231989,1
946557,1
154720,2
948569,1
435694,-1
300631,2
702259,0
881456,-1
870399,-1
997972,1
662440,1
733984,1
578706,1
232381,1
20967,1
277542,2
191551,1
11712,0
729970,2
937412,-1
515785,1
27412,1
626724,2
718433,1
467242,2
127677,2
515849,2
962814,2
73851,1
448294,2
388958,1
88600,2
815016,1
342255,0
315500,1
397781,2
497256,1
900685,0
895026,0
837882,1
857718,1
645914,2
429221,1
733705,1
644143,1
168585,2
823781,1
732801,2
484639,1
144983,1
558804,2
78602,1
509354,1
59464,2
702425,0
194139,-1
354470,1
697242,1
959223,1
925997,0
964409,0
552441,1
704720,2
637471,1
392090,1
429352,-1
418244,0
212699,1
433115,1
596894,2
744616,2
700389,2
499577,1
939324,-1
444327,1
899081,1
562893,0
430444,0
590926,1
301275,1
341119,1
629890,0
292105,1
598093,2
578681,1
450187,0
806371,-1
377791,1
552683,2
310662,1
493968,1
213428,0
323918,1
659778,2
931821,1
466144,1
485827,1
576534,0
880020,2
983767,1
307996,1
901703,1
787373,1
488684,1
138535,1
116502,1
418892,2
695046,1
601032,2
260117,1
84408,2
438427,1
260358,2
564732,-1
727187,1
126996,0
166715,1
941101,0
963211,0
206732,1
754664,1
991119,1
573773,-1
733913,1
324298,1
286589,1
452072,1
574560,1
582553,1
387930,1
106633,1
209318,2
247440,1
645123,1
632243,1
41005,0
510964,2
126015,1
925313,1
946901,2
645629,1
568781,1
966168,1
164600,2
76245,1
54719,1
7509,1
434728,2
68985,2
889229,2
617853,1
230037,0
598028,1
934017,2
204685,1
275992,2
365621,-1
71091,1
972408,1
109470,1
79549,2
362284,1
87027,1
7240,2
703452,2
145197,0
1945,2
712767,1
511943,1
228503,1
675038,1
850882,2
157092,0
993050,1
190667,1
56081,1
320095,1
124432,1
929212,2
770494,1
759292,2
726964,1
355876,2
932500,2
251875,0
147687,2
124352,-1
567215,2
47328,2
384546,1
714132,2
744069,1
904328,2
174271,-1
946120,1
340483,2
280836,0
44911,1
438926,1
502640,1
613771,1
295236,1
651182,2
113815,1
70411,2
770580,1
425733,2
952906,1
859485,2
567060,1
533881,2
470525,1
848469,1
568784,1
877185,2
168726,2
587093,-1
987387,1
342669,1
725378,1
487075,1
344476,2
332836,0
767844,2
262960,2
71648,2
529828,0
980495,1
389168,1
981338,1
795799,2
976940,1
96321,2
41753,-1
194110,2
504128,2
780124,2
356023,0
398872,2
345019,1
776169,0
359849,1
311294,-1
618627,0
155605,0
397357,1
880594,-1
282389,1
8701,1
646950,1
701935,1
867236,1
169205,-1
677356,1
551956,2
239983,2
829555,0
90918,1
604275,1
172579,1
9475,1
924591,1
676803,-1
715117,2
795553,2
672587,1
273880,2
29004,1
596291,1
594134,1
684013,2
262766,1
332492,0
33218,1
511329,1
626443,0
76165,1
210055,1
145456,2
131138,2
864046,1
226831,1
641620,1
121792,1
593310,1
998283,2
366049,1
790955,-1
484959,1
518884,2
444593,2
285948,1
262411,-1
544648,2
181962,1
29667,1
101815,1
484679,-1
165310,1
991755,2
753084,1
645827,1
797101,1
652094,1
415350,1
988696,1
254341,0
619928,2
733556,1
874389,1
889535,0
18492,1
212156,1
446936,1
99337,1
366122,-1
857685,2
752290,1
784519,1
841029,1
818114,1
391759,1
218217,1
514458,1
725621,2
277280,1
960351,2
497022,2
673763,1
576817,-1
113307,1
623916,0
650738,-1
647394,2
764007,1
732898,1
391659,2
175838,1
467890,1
648786,1
192616,0
280107,1
231690,1
760479,1
220087,1
27968,0
435534,1
906542,2
682632,1
807456,1
985511,0
531101,0
405436,1
477213,0
440967,2
334834,2
906815,2
478680,1
184856,1
527493,1
562159,2
244745,0
642003,1
357986,0
46480,2
49925,1
979680,2
662792,2
75837,1
943024,0
576033,2
345642,1
634597,0
743366,2
573632,2
292228,1
843750,0
510205,1
709542,2
228488,2
922831,1
579403,0
395851,2
440675,1
714011,1
679588,2
154261,2
701991,1
78214,2
807282,1
668050,-1
734739,2
385189,1
413920,1
651019,1
255286,1
258396,1
931784,2
79989,1
628610,2
439993,2
898414,0
681341,1
150769,1
710936,1
616628,1
811994,2
556747,1
843257,2
99188,1
427006,1
97899,0
706552,1
717134,1
920814,2
583327,2
738594,1
506262,2
63123,1
929360,1
741854,2
305707,1
837793,1
742000,1
918334,1
956244,2
493656,1
155104,2
598173,1
693350,1
858955,2
648396,2
381704,2
761694,0
880806,1
227080,1
623268,1
983828,1
802279,-1
987980,1
211241,1
265042,0
174321,2
461455,1
399200,2
52238,2
619713,2
219773,1
276473,2
868018,1
758458,1
929280,1
589155,2
266361,1
914494,1
560119,2
486451,1
881623,1
219667,0
380317,1
221371,2
37074,1
713540,1
548241,1
611865,0
987116,2
322192,2
216069,1
629946,1
13575,1
811195,1
265187,1
664758,0
682704,1
403445,2
254631,2
616375,1
772787,-1
964612,2
126727,2
804398,2
904502,0
771068,-1
996118,2
48173,2
210227,1
236789,1
70995,2
706649,1
785152,2
905971,0
895249,1
637993,1
626143,0
181536,1
462251,1
146057,2
186483,1
955391,2
627421,1
677657,1
109807,-1
2354,1
596661,1
697797,0
449687,1
89035,1
934819,1
474445,1
499061,1
222175,1
816137,0
958446,-1
451394,1
988130,0
39619,-1
531092,0
970953,1
6685,-1
57260,0
339478,0
854673,0
391664,0
105187,1
489312,2
605384,2
345792,1
498080,1
442883,0
366507,1
268424,1
548053,1
816356,1
319790,-1
406053,1
749147,1
860970,1
848457,1
163149,0
133966,1
800062,1
702964,1
44870,1
370116,0
264,2
691694,1
386234,0
622990,1
761421,1
550240,1
18557,1
880977,1
900311,2
290640,1
834981,1
805937,0
5660,1
937229,0
602273,0
756623,1
314251,2
859126,-1
625840,-1
628722,2
31683,1
637301,1
861106,-1
962504,0
413768,1
509887,1
252731,1
795288,2
710479,-1
174945,1
579830,1
229717,0
144271,1
379189,0
290199,1
200446,1
128390,1
699939,1
108841,1
312441,2
864148,2
950584,1
961196,-1
685323,2
805401,1
698939,2
814000,1
58299,-1
23273,1
995061,1
676193,2
546056,1
655182,2
69773,1
587608,2
17138,1
280642,0
371093,0
779346,1
818106,2
318382,2
767509,0
777623,2
107387,-1
130632,2
187272,1
566063,0
286832,2
63870,1
128230,2
197323,1
716749,1
957299,1
274019,0
203658,2
191203,2
267003,1
716822,1
375666,2
823132,0
377725,1
18572,1
356855,1
105902,2
827866,0
478653,1
349139,-1
68048,1
635269,1
363713,1
87799,1
915713,1
609213,2
1868,0
777800,1
574642,2
858064,1
638221,1
480115,0
596549,1
573227,2
667910,0
269505,1
681429,0
980390,1
904230,1
261374,0
889016,0
1873,2
427871,1
574530,1
602979,1
347948,1
282595,2
412481,2
380725,1
63535,1
734774,1
179529,1
633917,-1
894682,2
158195,2
763806,2
848639,2
194609,1
865198,0
565875,1
496725,1
953477,1
630968,0
737186,1
526033,2
404501,1
558384,1
904548,1
328893,1
455263,2
411075,1
370060,-1
116665,1
432933,0
608567,2
908282,-1
66979,1
599838,1
543212,1
885689,1
443882,0
876929,1
887643,2
624540,2
34911,2
580022,1
198211,2
630440,1
542738,0
871903,1
716228,2
406230,1
668064,1
314274,-1
257686,1
101227,1
25290,-1
375891,1
34010,0
40365,1
853758,1
788125,1
213338,0
180139,0
55654,1
834951,1
627875,2
251339,1
440126,-1
272326,1
644600,0
398471,1
802594,2
573749,1
52505,1
434584,1
438631,1
427939,1
915148,2
860272,1
368060,1
774835,1
354242,-1
570617,1
70495,1
135174,0
682907,1
372076,0
367591,1
815570,1
629181,1
829720,1
221249,1
819991,1
237193,0
541924,0
27354,1
91111,2
182572,-1
84978,1
353319,1
760882,2
166329,0
640783,1
328610,-1
7783,2
610090,2
880345,1
259391,0
254046,-1
483168,0
634613,0
794011,1
864337,0
804186,2
188819,1
133114,2
302105,0
879752,1
536387,1
193423,1
657857,1
380045,1
594314,1
570237,1
670097,1
918209,2
837336,1
74832,1
599202,1
345439,2
597691,1
623359,1
154926,0
543345,-1
47506,2
968726,0
417810,1
143490,1
378655,1
946596,1
35342,2
622888,-1
832165,1
192832,-1
97549,1
495487,1
766048,1
939033,1
138800,2
228761,1
574754,1
626985,0
433348,2
192355,1
963107,2
999981,1
617958,1
952959,2
959362,1
192609,1
66246,1
358555,0
813493,1
382756,0
199914,1
266290,2
553116,2
993994,1
660130,1
589516,1
46337,1
514759,1
162622,2
644185,1
739106,1
971561,1
659698,1
151215,1
416432,1
769917,1
788844,2
492700,1
425952,0
235477,2
527302,1
958454,1
602185,1
532355,-1
421607,0
479614,-1
438859,0
543088,2
462257,2
590371,1
10969,2
589424,1
464478,-1
429596,0
798448,0
23909,1
376272,1
923193,1
823747,1
457355,2
347052,1
66502,1
299715,0
312547,1
826591,0
230066,2
907342,0
185909,1
964603,1
652858,2
673484,0
659850,1
325061,1
91808,2
123801,2
513943,1
860175,1
815056,1
486326,1
855450,0
240653,2
757775,0
650557,1
610842,2
399725,2
348551,1
83045,-1
70637,0
237678,2
222133,1
865701,1
68152,1
767679,1
389088,1
575093,0
755276,1
125235,0
117833,2
850199,1
665252,1
354103,1
85482,1
96215,0
420392,1
836749,1
96112,1
442655,1
493632,0
250104,2
431638,1
260943,1
28195,1
228403,1
434759,-1
609858,1
726626,2
836744,2
387382,0
566453,2
43761,1
815572,1
127076,1
350807,1
37942,1
367769,1
374290,0
181464,1
806379,2
61948,1
531906,0
658791,2
322278,2
901920,1
963328,2
405596,1
11922,1
74085,0
616402,1
280716,1
798339,0
133412,1
739578,1
480835,1
529150,1
174969,1
278166,1
773548,1
737855,1
410542,0
211669,-1
423622,2
708256,1
448983,1
186031,2
169019,1
101779,0
650180,2
926550,0
138491,1
391450,2
934166,1
697839,1
720023,1
971780,1
748213,0
926054,1
308665,1
210959,0
757381,0
519967,1
517695,1
828619,1
786684,2
654141,1
26799,2
291929,1
482170,1
853745,0
300939,2
510814,-1
167713,1
265139,1
155267,1
228872,0
384335,0
813193,1
38282,2
183876,2
720812,1
109534,2
259492,1
246290,2
763749,1
642286,1
867952,1
8216,1
320110,2
21464,1
310567,2
615005,2
53859,1
297063,1
264190,1
443998,0
757742,1
754862,2
725854,1
890956,2
321055,2
634254,2
235754,1
558955,1
65287,2
484377,0
10455,0
286352,2
113454,0
461270,1
488570,2
887186,1
758368,1
814188,1
8804,1
919559,2
902551,2
836655,2
259266,0
843290,1
89878,2
177737,1
709915,0
538854,2
916160,1
226541,1
138347,0
189907,1
835957,1
2453,1
288234,1
892628,1
347594,1
235588,1
468709,2
475853,0
508767,1
141974,2
505807,1
966179,1
800564,1
897987,1
566665,1
31082,2
893407,1
497793,0
271869,2
952902,0
249204,1
425573,1
857643,1
970991,2
820814,0
771165,1
522475,1
134378,1
208843,1
781292,1
488788,2
56755,0
677231,1
430403,1
492666,1
690704,2
86820,1
729700,1
910595,0
627411,1
544675,1
236936,1
707145,1
723320,1
534852,1
585851,1
789872,1
489844,1
626956,2
520654,2
466279,1
615839,1
340614,-1
578623,1
986836,0
699946,2
491981,1
302985,2
821321,0
872096,1
83112,0
916902,2
74318,0
41781,1
108426,1
540514,1
350015,1
504130,1
569630,0
48076,2
582428,0
678581,1
933542,1
204455,1
483251,-1
101551,1
596456,0
98551,2
136985,1
378502,2
661017,0
631081,1
397495,2
429301,2
653053,1
873776,2
85162,1
721865,-1
142098,-1
957871,1
885270,1
63750,1
258944,1
86728,-1
70534,1
790364,1
643306,1
298528,1
240070,2
445578,1
678471,1
112618,1
838761,1
604353,1
355764,1
829347,1
157025,1
528161,1
439782,1
412030,1
764877,1
53914,-1
197159,1
87861,2
626983,1
852887,1
130659,0
532269,2
721124,1
207930,1
555759,1
971279,1
303159,0
507693,1
465871,1
934290,1
182683,2
825197,-1
436717,1
866022,1
113016,0
244750,2
502527,2
162559,1
463464,1
763405,0
18702,0
238567,1
704788,0
651389,-1
744950,0
129143,-1
384556,-1
76106,1
256890,1
520293,1
889555,-1
746129,1
427951,1
731007,1
429288,0
20860,0
993045,1
176478,1
895762,1
569333,1
212305,2
725658,1
728982,-1
933352,0
484356,0
255786,0
829635,2
334593,1
188684,1
815072,2
442122,-1
36020,0
421230,-1
627623,1
980821,1
781008,1
645631,1
163845,1
949415,-1
284280,1
961923,0
138561,1
935550,1
832262,1
712116,0
713337,1
784039,1
702165,2
738465,1
132050,-1
499967,1
367567,0
623626,2
825528,-1
375901,2
810713,2
712277,2
102007,1
187527,1
378155,1
634492,1
675346,1
901159,1
466180,2
915897,1
804521,2
145454,1
178673,1
617471,0
875322,2
129150,2
622678,1
21744,1
704991,1
519115,0
380592,1
268542,1
291316,1
338268,1
239293,1
531330,1
300066,1
50540,2
113908,-1
585990,2
752092,1
79291,1
347916,2
864940,1
7787,2
629207,2
575917,1
432436,1
597885,-1
173756,1
867822,2
278415,2
528119,1
118755,2
356576,1
748080,0
51429,1
698409,-1
388085,1
307283,1
704405,2
812733,1
717339,1
293579,2
406738,2
228132,1
286368,-1
577734,1
135143,1
620854,1
369683,1
323400,0
417301,2
436059,1
721249,-1
773767,1
333656,0
568768,2
43272,1
938568,1
172948,1
983276,2
803312,0
76720,2
511620,0
512613,2
984860,-1
95573,2
850914,1
482213,1
269621,0
193531,1
595368,2
107866,0
469303,2
818727,-1
635858,0
965686,1
299643,1
624867,1
304109,1
88015,1
26930,1
764165,1
830407,1
533945,1
832256,2
730474,0
142120,1
52465,-1
970804,1
415836,1
605423,2
472333,1
248830,2
47690,1
816723,2
278217,1
204745,0
100347,0
17989,1
385330,0
659215,2
575962,2
41877,1
147107,1
12509,0
873931,1
961460,1
991948,2
882799,1
597075,1
397560,1
922131,0
516390,1
36679,1
355749,1
111961,1
333377,1
519677,2
292196,1
200571,1
532693,2
696374,1
36398,1
963871,2
760952,1
507103,-1
243383,2
51662,1
788143,2
193781,1
102407,1
76051,1
41988,1
29210,1
733080,0
985373,1
872691,-1
49560,0
198799,2
601351,2
767895,1
88166,1
272120,2
761653,1
439734,1
225986,1
271947,1
20794,1
172350,2
93349,2
207577,0
193393,1
919838,-1
303267,0
215238,1
753001,0
860932,2
731781,1
772579,1
945782,1
565594,1
668399,0
187894,1
24733,1
127237,0
57546,2
813037,2
365946,2
486202,2
226177,-1
83339,1
475772,2
733562,2
672377,2
325473,2
960228,1
338453,2
303865,2
984308,1
176390,-1
110266,1
723823,1
713426,2
65837,2
959568,1
259915,1
414319,1
734239,0
951585,0
991551,1
538053,1
159032,2
760242,2
511303,1
205139,1
713411,1
404299,1
520934,0
962258,-1
589683,1
879487,1
595853,2
893537,1
510701,2
506168,1
935401,-1
172217,1
107737,1
843898,1
75963,0
792583,1
788850,1
171453,0
721682,2
504393,2
457122,1
967876,1
778564,1
384288,1
918649,2
932202,2
596826,1
533476,0
510491,0
542316,2
994967,2
19929,1
600094,0
415619,1
954438,1
68040,1
621500,1
219085,1
511936,2
24310,1
92102,1
606534,1
71316,2
680063,1
322709,1
489062,1
508651,1
727703,2
4932,1
962717,1
261801,2
235490,2
526141,-1
464597,1
402932,1
874966,2
38647,2
874952,1
45839,2
11704,1
415601,1
62116,0
857982,1
270552,0
916824,1
195763,0
580302,1
746004,0
21524,1
756045,2
291523,0
168193,2
951740,1
719914,1
221414,1
46653,-1
682720,-1
358950,1
287098,1
98062,1
129794,1
881908,1
346851,1
420600,2
496637,2
184565,1
806189,1
309088,1
377531,1
767728,2
366827,1
268773,1
434121,1
416182,1
768348,2
451039,0
141243,1
400389,1
984894,1
844684,1
413599,1
366303,2
934357,0
710000,1
76567,2
273418,2
169343,1
158615,1
568416,1
529243,1
951670,1
163851,1
111020,1
222806,1
504194,0
403341,2
409964,1
164886,1
575926,1
50353,1
511508,2
824922,1
306457,0
791734,1
320087,2
389556,1
7867,1
266834,2
297246,1
972720,-1
832558,1
973815,1
121239,1
173190,-1
347349,0
801067,1
554970,2
942489,1
318547,1
433231,2
214255,1
964352,2
296345,0
369301,0
786938,1
248151,1
706539,1
243277,2
1848,2
988928,0
829412,0
876162,1
983975,2
920807,1
857409,1
642964,1
740115,2
287561,0
65414,1
115578,2
996029,2
530221,1
390917,1
879745,1
664859,1
29179,-1
329827,1
76057,2
815249,2
516224,2
879490,1
870513,1
447999,1
282117,0
551584,1
896735,2
378299,2
362462,-1
817340,1
339234,-1
384300,2
372535,0
481501,1
22762,1
485119,1
960924,-1
1286,1
484608,1
96406,1
119877,2
704187,0
639303,-1
226794,0
466728,1
267290,1
197811,1
192879,1
541183,0
268167,1
222652,1
389701,2
778178,1
899742,1
611148,2
412287,1
154379,1
337433,0
4992,1
952134,1
614950,1
433589,1
431329,2
973104,1
345041,1
9154,1
159443,1
328167,1
410690,1
560172,1
475421,2
693871,1
765176,2
473084,2
948517,1
614570,1
240361,1
179722,-1
221023,1
147626,2
82010,0
660216,1
954078,2
201149,2
362596,1
306287,1
480623,2
83287,1
860488,1
659668,2
443467,1
401669,2
605414,1
411340,1
6215,0
34173,2
927611,0
417370,1
829063,1
955137,1
974180,1
513478,0
63637,-1
3608,2
143481,2
279637,2
12633,1
91354,1
456539,2
103459,0
724466,2
917465,2
677645,1
625671,1
368134,1
418287,0
830297,-1
850990,1
99241,0
713539,1
776332,2
611692,0
378145,1
692646,1
551222,1
41841,1
676647,1
964118,1
829668,2
416481,1
585188,2
119077,1
122135,0
541838,1
176060,0
864487,1
751214,1
219125,2
660479,1
490868,1
826967,1
129768,1
750892,1
720402,2
453224,2
704902,1
796499,-1
533138,1
751954,2
654466,1
379806,1
584321,1
21580,1
628187,1
604103,1
324896,1
403714,1
679294,-1
288757,1
885811,2
87060,2
226855,-1
208873,1
385795,2
36354,0
231516,-1
898881,1
439774,2
41702,1
697039,1
118268,2
230412,2
401943,0
317235,1
190442,1
324957,1
211902,1
719624,1
422031,1
941377,1
125441,1
242012,1
242306,1
342079,1
656786,1
665159,1
449945,0
879883,1
749307,1
66606,1
635824,1
810058,1
281353,1
708472,-1
819973,0
867318,2
608853,2
972226,1
800498,-1
793922,1
198481,0
252111,1
325911,0
485103,1
672238,-1
18275,1
144361,0
995474,1
392717,2
308265,1
39492,2
69444,1
12457,1
212664,1
816340,1
606236,2
194914,1
216293,2
303599,-1
343159,1
206331,-1
524269,0
434114,2
86292,2
987282,2
562537,1
404732,1
764897,2
816811,-1
377492,1
46126,2
637184,-1
432808,1
314173,2
515732,0
838114,2
66701,1
621746,2
266646,1
560557,2
793372,0
913750,0
139199,0
420137,-1
292903,1
651987,1
157858,1
270569,2
362026,1
443999,0
588978,2
211628,1
609004,1
482845,1
598339,-1
943724,2
794232,1
272594,1
899087,0
429784,2
760840,1
28149,1
808742,1
150908,1
768682,1
820329,2
173226,2
259838,0
368871,-1
855825,2
786513,1
156853,1
789157,1
5991,1
734105,1
30992,1
467775,0
111368,1
973179,-1
861404,1
95859,1
640918,0
222268,1
715936,1
615609,-1
964807,1
950784,1
754178,1
897363,1
389753,0
968374,1
610718,0
821120,0
792286,2
306378,1
944027,1
672988,1
926873,0
576218,2
614007,1
548378,2
768017,1
654397,1
235861,1
391370,0
186071,1
824006,1
663965,2
823710,2
378005,2
730502,0
314573,2
385871,-1
434233,1
802739,2
521973,1
875614,2
307688,2
331041,1
901681,2
465021,0
247820,1
203128,1
229310,1
227668,0
970187,1
948579,1
240077,2
792835,2
541891,1
376905,0
420718,1
462840,1
88860,1
83832,1
739920,1
787253,0
105649,2
4602,0
765248,0
112884,1
732506,2
666883,0
539233,1
715698,1
694079,0
6025,2
422546,1
926173,2
303801,-1
179173,1
339152,1
225522,1
277373,1
413184,2
607498,2
811297,1
72944,1
868808,2
668850,1
394292,1
222476,-1
571858,2
676920,1
171213,2
231952,-1
644763,1
711281,1
329512,-1
351285,2
780051,0
494771,2
276685,1
458846,2
5049,1
966777,1
610678,0
821446,1
987377,1
766106,1
169484,1
260149,1
593061,1
734995,0
209613,1
626252,1
667510,1
743735,-1
805447,2
323315,1
568282,-1
637648,2
84755,1
755282,1
704830,2
396421,1
479893,1
959482,0
970686,2
221268,2
144987,2
937007,2
325308,1
550486,1
583351,1
737106,0
6394,2
867691,1
786510,1
157931,2
532896,1
826598,2
799476,1
776730,0
880076,2
278774,1
144722,1
821217,1
457259,1
39408,1
464147,2
693720,1
401381,0
382649,1
327761,-1
999519,1
109855,0
139161,1
573474,-1
276329,0
191012,-1
338409,2
598434,1
318459,1
285434,2
296356,1
162435,1
476311,1
603693,2
909464,-1
183481,1
749966,1
642063,2
191936,2
516300,1
201656,1
689131,2
210664,2
715905,1
546018,1
316131,2
780104,1
941293,1
966698,1
331959,-1
675148,1
495010,1
785573,1
992003,1
292482,1
316399,2
207963,1
915900,1
656892,1
295105,1
36492,1
597849,1
473441,1
576935,1
840716,2
777967,1
974517,1
832211,0
423131,0
836914,1
82167,2
969815,0
804703,-1
457817,2
685085,1
646257,1
624130,2
582559,1
423169,2
657337,-1
88960,0
269970,2
105374,2
482268,-1
782859,2
592629,2
336497,1
57312,1
402798,1
324231,1
58998,0
922240,0
724277,1
122922,1
592514,1
77165,2
468630,1
621373,2
398635,2
559697,2
214414,1
619976,0
455298,1
660578,2
643036,0
913457,1
287368,1
813930,1
307025,1
551415,1
689333,1
611269,1
935392,1
897868,0
236645,1
77481,1
618553,2
633595,2
655062,0
699074,1
195308,1
595210,1
945743,1
191854,1
987819,0
397016,2
308507,0
43551,2
240695,0
286168,2
915509,2
869683,2
295238,1
273952,1
584394,2
195900,1
715663,2
851063,1
393719,2
285491,1
474768,0
988237,1
422929,1
531642,2
245695,2
879694,1
420847,2
442565,2
232430,1
398214,1
394365,2
426338,0
330020,-1
785007,0
972338,1
942593,2
961346,2
764846,1
669522,1
319959,2
181107,1
408404,-1
523048,1
101999,1
172983,1
671524,2
849739,0
346827,1
476615,1
895125,-1
92275,1
784034,1
463466,1
541545,1
229217,2
486638,-1
318073,2
238027,2
123946,2
926635,1
957341,1
331416,1
912415,2
737710,0
123939,1
197071,2
355991,1
939791,1
35780,1
238540,1
578043,1
559830,1
663080,0
637989,1
609853,1
688250,1
573526,1
122197,1
698843,2
978695,1
276003,1
180966,2
640355,2
528396,2
838575,-1
224086,1
25107,0
941017,2
83294,2
488157,2
280143,2
234739,1
580721,2
907765,2
556068,-1
212700,0
353721,-1
675982,1
339284,1
191301,1
168885,2
732303,1
793043,1
699639,2
312517,2
352208,2
266989,2
901063,1
675882,2
320560,1
245351,1
522325,1
703585,1
641049,1
45110,1
414797,1
269667,1
242813,0
367599,2
654104,1
894232,1
287449,1
573969,1
573083,1
543358,1
672556,1
761778,-1
790474,1
576012,-1
391509,1
766952,1
37858,1
703952,1
840146,2
317102,1
663313,1
350256,1
302864,1
950748,2
559829,0
316929,2
885671,0
926884,1
151033,1
956089,2
578319,1
502372,1
55085,2
844569,0
657020,1
327419,2
774068,1
215327,2
53274,1
165384,2
216655,1
895964,2
658815,0
392139,1
303725,0
95260,1
29266,1
941438,1
786762,-1
687815,1
58178,1
892211,2
38872,2
6715,2
115420,1
564035,2
655450,1
536531,1
558684,2
521553,1
702061,1
270836,2
579324,1
186889,1
813889,2
864478,1
879657,1
748146,-1
273325,1
52520,2
620251,1
967986,1
255772,0
124459,1
778658,1
730026,1
524315,2
808795,1
410560,2
736913,2
585868,-1
860621,0
911013,1
350251,0
583294,2
237397,2
810871,1
302920,2
826197,2
552138,2
948170,1
734002,-1
381149,1
87066,0
393025,2
242100,2
73720,1
248576,1
757481,1
949825,0
122392,1
454520,2
246599,0
587755,0
696011,1
702158,1
577157,0
779146,1
361064,1
568478,-1
293138,1
886852,2
641390,0
309204,2
861978,1
65678,1
37161,1
44459,1
212306,1
15931,1
839468,1
206409,2
80465,0
902010,1
184219,1
45607,1
337771,1
89645,2
414134,2
357355,2
783782,2
537334,2
818133,-1
314957,1
793240,1
903549,1
505388,-1
903516,2
830608,1
708649,2
699265,1
199279,1
423050,1
84479,1
692437,0
511157,2
134111,1
457774,-1
444789,0
28139,1
532892,1
896668,0
807831,1
566437,1
122276,1
330625,1
459982,0
37020,1
248792,1
67871,-1
818267,0
899530,1
598012,0
105391,2
734981,2
194458,2
525857,1
299185,1
303968,1
623420,1
491902,1
405671,1
283285,2
314315,2
342649,2
811594,0
877953,1
250020,1
482420,1
811970,0
410045,1
768287,1
10140,2
381026,1
824589,1
566239,2
168376,2
925405,2
175224,2
761939,1
701364,1
634818,1
691110,0
386807,1
885006,1
486755,1
335914,1
961423,2
48070,1
86376,0
857017,2
70184,1
808139,2
348386,1
924242,1
686843,2
49160,1
302490,2
183669,1
945556,2
664348,1
556462,1
643411,2
428375,0
855864,0
566490,1
830535,1
382,2
373785,2
734921,1
171713,2
556800,1
88973,1
658337,1
4709,2
877084,1
445620,1
270537,1
703375,0
46873,2
899754,1
795861,2
812551,1
535591,1
80055,1
570775,1
607294,2
346257,1
834872,1
214043,1
613413,2
1960,1
591346,1
716050,2
449744,1
746121,1
576177,2
742262,1
603256,0
995594,2
491003,1
258024,1
132811,1
739061,1
515952,2
622935,1
448716,2
357570,1
459647,-1
694067,1
342342,1
458106,1
943571,2
592617,1
847809,1
676499,1
393921,-1
307201,1
814178,2
33055,1
316616,1
246745,1
28308,1
793207,-1
334667,1
805610,1
747215,1
124201,0
360821,-1
461119,2
301741,1
491775,1
930852,2
208706,1
54869,2
62066,0
10993,1
629210,1
483522,-1
810782,2
801097,1
117955,1
857587,1
756775,0
886329,1
629213,2
130697,1
412538,1
34139,0
149935,1
813785,1
74650,1
465837,1
353152,1
331104,-1
56069,1
723413,1
243069,1
482844,1
516277,0
634035,2
331193,1
474759,0
488620,1
839352,1
391234,1
313648,0
659109,1
662221,1
296437,1
193971,1
787920,1
535511,0
769581,2
349431,0
929265,0
795123,1
155398,0
725497,0
235678,2
369892,2
989976,1
685160,1
345451,1
875429,2
588854,2
398409,0
142668,1
868078,1
449764,1
194389,2
465891,1
861701,0
668682,1
859322,1
397319,1
662170,2
447574,1
550614,1
434903,1
939644,1
629964,2
822224,1
372060,1
575133,1
996535,1
627536,1
773818,1
943559,1
910094,1
40552,1
949845,1
893456,0
799680,2
478024,1
249709,1
815643,2
10542,1
313029,2
551318,2
682768,2
541054,2
921977,2
40585,-1
2551,-1
3449,1
306708,-1
33638,1
340490,1
371368,1
403307,1
443723,0
917808,2
109773,1
964844,0
875387,1
807641,2
190559,2
929097,1
216996,1
305367,1
560286,1
643108,0
991972,2
65425,2
336322,0
126840,0
66121,2
619287,2
124378,1
587313,-1
447439,1
699344,0
700265,1
201084,2
787460,1
772476,-1
999493,2
649075,0
754715,1
20118,0
606310,1
629888,1
138102,0
966636,1
260253,1
837801,1
411449,1
46829,2
422748,2
703922,-1
329328,1
604545,1
194969,1
386862,1
778479,-1
25665,1
587685,1
154455,1
810205,1
429754,0
497142,1
332117,2
689977,1
15344,0
348067,2
445232,1
110434,1
23501,2
745898,1
348993,1
86112,0
847851,1
609103,1
839077,1
257291,2
529894,1
589853,2
916547,2
479855,-1
715783,1
764927,0
784447,1
862004,1
788502,0
905470,1
59972,1
558929,2
749131,1
33039,2
692983,1
456800,0
167743,2
206677,2
76347,1
975857,0
900572,1
776019,-1
315754,2
618247,1
854472,-1
767416,0
824297,1
226628,1
384950,0
470743,1
628227,1
569901,0
183605,1
39796,1
967810,1
842975,1
829262,0
43283,0
263778,2
544747,1
160865,2
870306,-1
317941,1
242541,2
264786,0
502689,-1
175518,1
966995,2
58075,1
936594,1
945413,2
956383,1
796714,1
994587,1
855668,1
632029,2
99436,1
498187,2
459281,1
314913,1
343021,-1
761759,2
9180,1
118420,1
144978,1
259239,1
597539,1
803311,0
678530,1
738379,1
784916,1
723261,0
520511,2
318150,2
347280,1
658258,1
834309,0
742929,-1
957353,0
892508,-1
629115,0
45783,2
374554,1
533692,1
239498,2
31211,1
236762,1
499387,1
372368,1
264138,1
76328,1
114951,1
814831,2
268297,1
87226,2
145525,0
742467,1
733277,-1
556429,-1
984662,1
863695,1
718856,1
556202,1
458662,1
4008,1
65794,-1
308686,1
77619,1
986237,1
536921,0
327880,1
519276,1
344602,1
369696,1
183392,1
21776,2
103782,2
395442,1
528923,1
203021,1
210803,2
244909,1
201132,2
333838,1
242928,0
549548,1
971087,1
198173,0
507787,1
744350,1
989276,1
464956,0
825104,-1
893902,1
790917,0
939067,1
44875,-1
725908,1
162327,2
857432,1
512973,1
665155,-1
481258,2
101492,1
282384,0
563804,1
380930,1
63274,0
796774,2
642040,1
500526,2
671048,0
486218,2
511422,1
165759,1
645301,1
710223,2
990571,2
569637,0
721243,1
548509,1
274643,2
695145,1
255777,1
593154,2
502769,2
599372,1
579198,-1
174276,2
952316,0
146567,2
519007,0
497620,2
83071,2
316882,0
441233,1
534393,0
313809,1
515011,1
53376,1
449332,2
358684,1
910878,1
683328,2
632209,2
63394,1
258494,2
17146,1
113406,-1
791872,-1
30382,1
468651,0
807521,1
844696,2
37056,1
697676,0
108031,1
863487,2
550647,-1
872306,1
368994,1
987129,1
293586,0
659119,0
489550,1
688476,1
557113,2
458344,1
343594,0
423020,1
3462,1
256331,1
182779,1
726997,2
839310,0
366691,2
793782,0
761451,0
529987,0
880139,1
907108,1
95023,1
340565,1
313583,1
91110,1
674536,1
725981,2
791988,1
10750,2
70886,1
568043,1
148204,1
955877,0
710384,0
700357,1
403622,1
379890,1
214790,1
673915,1
599658,1
514363,1
12212,-1
37585,-1
269742,1
561455,1
233339,1
734564,1
152162,1
652743,2
842866,2
829108,1
427747,1
385763,1
867962,0
584277,1
977469,1
4565,2
596205,1
106146,-1
194447,0
935981,0
382689,1
877209,-1
951367,1
886593,-1
413497,1
168716,1
779455,1
209806,2
556990,1
55922,1
393562,1
980856,1
921808,1
463431,2
574520,-1
116121,1
43620,1
941858,1
977028,1
127189,0
997627,2
146296,2
68755,1
969351,1
666496,2
742828,1
594821,1
248163,1
212783,1
530408,0
271077,2
29116,2
97327,-1
103934,1
5281,1
966764,2
833394,1
769034,2
427885,1
101015,2
135053,0
445073,1
594718,1
485337,2
652031,2
295823,1
898107,-1
621822,1
593768,-1
724899,2
87739,1
830073,1
142961,1
61106,1
221043,1
696913,1
295268,1
753928,1
649950,0
238297,1
265204,2
19559,1
305511,-1
992050,1
346418,1
82564,-1
212312,1
150821,1
680282,-1
711087,1
883893,2
360801,1
578270,2
788765,1
684593,1
177297,1
658714,0
946725,2
935871,0
453781,1
370318,1
702503,2
278400,2
944133,2
647470,1
475065,2
592615,1
579070,1
134505,1
642708,1
167603,2
555272,2
743195,2
959807,-1
217024,1
443267,1
397017,2
596814,1
533952,1
800696,1
112363,1
988128,1
759592,-1
684206,-1
159362,2
246328,2
304396,-1
54264,2
908329,1
849716,1
424570,2
133226,1
624182,2
847038,0
534999,1
514432,0
489534,1
417355,1
714692,1
250868,1
192977,1
645212,2
903171,2
214224,1
332795,1
230188,1
957788,-1
102140,2
574414,2
471592,1
782767,1
151657,2
324578,1
999173,1
741669,1
934059,1
219327,-1
640084,1
865195,2
577052,1
507163,0
408984,1
639773,1
479385,1
169503,1
110462,1
251179,1
969955,1
933588,1
365700,0
267452,1
797195,-1
280489,1
149414,2
942202,1
603517,2
326443,1
292224,0
521526,1
960021,0
806425,0
231162,1
568815,2
966665,1
360405,2
495872,1
320667,1
66860,2
581466,1
248539,0
108857,2
644838,1
474280,1
787055,1
277933,1
273967,1
556307,1
807648,2
51870,1
94877,0
116574,1
399562,2
730487,1
951265,1
926505,1
170438,1
372720,1
591257,0
165101,2
152577,-1
288444,1
57552,-1
643771,1
958204,0
320134,-1
210202,2
120685,0
326563,-1
265061,-1
764221,1
177961,1
106628,1
282903,2
981255,1
697050,1
699241,0
646970,0
695251,1
832086,2
152329,1
561889,1
590212,1
914020,2
675260,-1
307271,-1
738307,0
670025,1
140016,1
973171,-1
732909,1
153191,-1
716583,-1
422296,1
293089,1
134300,1
892921,1
465699,-1
609512,1
580483,1
176298,1
884073,-1
172648,1
395722,1
351392,1
721553,1
681784,0
385663,1
844602,0
888673,1
976202,1
846688,0
954728,1
618950,2
762599,1
539961,1
550361,1
407571,2
656096,0
378318,1
967793,1
75392,2
177800,1
408225,2
680118,0
297379,2
527068,0
434966,2
900632,2
130158,1
341406,0
522679,1
483207,0
221942,2
587012,1
441095,1
536195,1
43396,1
991333,0
542338,1
966161,2
209660,1
653577,1
357971,0
407024,2
94220,1
638817,0
194215,1
856259,1
614917,1
621121,2
278551,2
106543,1
637263,1
868154,1
928749,1
311979,1
299209,1
838786,1
740050,1
618306,2
125116,1
943217,2
556335,1
522328,1
708449,0
76467,0
713495,1
317157,2
874864,1
769447,1
723661,2
169776,1
341817,1
279315,2
56671,2
586033,0
424489,1
670559,1
813882,1
743424,2
998561,2
35843,1
148459,1
141814,1
899926,1
66867,1
249425,2
827222,2
933298,2
717876,1
76495,1
170533,1
278,2
614316,2
215952,2
486044,1
565883,1
333596,1
774118,-1
759320,-1
729321,1
734928,0
996973,0
263240,1
967543,1
88271,1
51682,2
765829,2
526501,2
538022,2
464819,1
743385,2
352378,1
896685,0
344913,0
103328,-1
317955,2
323535,1
884118,2
907600,1
319388,1
94543,0
906238,1
166594,1
498008,2
20718,1
137232,1
576299,2
213588,1
745401,1
490678,1
407623,2
57607,0
874698,1
708834,2
698181,1
789444,-1
846358,1
726457,1
721486,1
85593,1
612031,1
338459,-1
11187,2
64779,1
257851,-1
222681,-1
85769,1
491695,1
69652,2
978637,1
194315,1
842272,-1
566358,-1
836624,1
896889,1
928128,0
32619,1
4454,0
300730,1
462746,0
18230,1
762818,0
786587,1
709164,1
310079,1
300903,1
311755,-1
52324,0
756349,0
360063,0
679442,1
121576,1
491908,1
660702,1
728978,1
849682,0
548683,0
277746,2
912506,1
261231,2
481398,2
529619,1
864134,1
764226,1
257799,1
366010,2
578643,1
857669,2
478994,2
673788,1
836471,1
5195,1
744071,1
819993,0
105033,0
577219,1
451731,2
839701,1
873740,2
103273,1
829729,1
687709,1
975580,0
992939,2
755969,1
425274,1
449925,1
673834,1
242524,1
699239,0
964461,2
189638,0
440494,1
286814,-1
947754,1
611158,1
930418,1
881582,1
321503,2
978268,1
90863,2
461856,1
159752,1
893413,1
97582,2
70433,1
54251,1
202195,2
410018,-1
505784,1
273223,1
886247,2
938271,0
943867,1
131809,1
617622,0
377222,-1
477261,-1
640045,2
965900,1
19444,1
359565,1
608805,1
232495,0
123701,0
817217,2
635161,1
247020,2
617451,1
938781,0
30759,1
705452,1
349996,1
119394,1
896443,1
719233,2
607289,2
303795,1
123568,1
287032,2
914400,1
24611,2
441152,-1
100465,2
257636,0
587932,1
323729,1
50830,1
599546,2
552116,2
878865,-1
494211,1
803869,2
882581,1
535734,1
995446,1
318172,1
51166,1
801017,2
447285,1
735991,1
100505,2
72085,1
844827,-1
204185,1
135358,1
265254,1
426503,2
226392,2
829793,1
822833,1
613321,2
789678,2
167452,1
134392,1
761645,1
265477,1
456308,0
928781,1
488311,0
637257,1
398134,0
291255,2
636686,1
691251,1
717856,1
921344,-1
16525,1
738565,0
114799,1
64363,1
349755,-1
709627,0
896596,1
126674,1
20322,1
344127,-1
380343,2
431495,1
666836,1
979256,0
522596,1
922437,1
936407,1
177547,2
854940,1
219086,1
285478,1
376394,1
278668,1
803944,-1
919590,0
671551,1
944137,2
794925,1
756835,2
485914,1
60176,1
45335,-1
155423,2
777221,1
302729,1
270476,0
564907,1
868071,0
511137,1
765166,1
686589,1
179460,1
979548,1
161158,0
122086,0
242717,1
820265,1
301262,2
548778,1
50847,2
816109,1
529955,1
223003,2
306003,1
670436,1
927913,2
797806,1
518697,2
320211,-1
312148,1
703919,1
951694,0
78201,1
178353,1
856674,2
88796,1
763171,2
961797,1
331941,2
61059,1
228395,1
906839,1
796076,1
550181,0
584668,1
858574,1
397634,1
774584,2
376780,2
571842,1
598952,1
251053,0
156160,1
209792,2
623700,2
386349,0
975607,1
710461,2
414286,1
504386,2
615210,1
686504,1
201360,1
477876,1
857523,2
65576,1
311290,2
354703,2
713717,1
3484,2
333986,1
433077,1
987845,1
487343,1
389631,0
349078,1
110116,1
853938,2
280471,1
528472,1
148108,1
344553,1
916759,0
259516,1
961234,1
423634,1
857805,1
397365,1
857555,2
989563,1
288858,1
29623,1
296324,1
195452,1
89006,2
685999,1
953360,1
398016,1
23380,0
858247,1
251406,2
892567,0
544308,-1
736038,1
788588,1
422746,1
839256,2
151320,0
306785,1
847300,0
992698,1
659398,0
147593,2
145217,2
223963,2
810561,2
291291,0
703836,1
211575,1
238579,2
210624,1
819555,2
558154,1
592357,1
276482,1
673932,2
995721,1
592147,2
773618,1
684165,1
350641,2
87764,1
272814,1
435767,1
62657,1
296443,1
263147,1
671827,1
928178,2
467586,2
755440,2
254496,1
460932,1
147670,1
569718,2
643831,1
886969,2
232075,2
109532,2
468568,2
4936,1
203154,1
27673,1
129667,1
98126,1
279960,1
417611,1
179502,1
649846,2
972392,1
690263,0
844854,2
64801,2
725765,2
500151,2
137665,1
327170,1
737240,2
835581,1
975161,1
76414,1
957883,0
946476,1
933294,-1
854047,1
117233,1
270551,1
65083,2
202684,0
64863,-1
390621,1
149562,-1
292543,2
263451,1
40122,1
573893,1
774671,-1
879851,1
86848,1
397160,-1
475194,1
637080,-1
740039,1
925132,1
629995,2
687834,-1
869772,1
762016,1
926397,1
647788,1
562390,1
535086,1
424682,1
877815,2
696873,1
475889,1
31358,1
378750,1
444206,0
608581,-1
728954,1
957113,1
801794,1
518225,1
358103,0
680249,1
330131,1
639079,1
568837,2
674514,1
408712,2
751683,1
83788,1
870105,1
506017,2
990787,2
249793,1
500428,1
474046,1
285709,1
738823,0
713163,1
254402,1
784922,1
172957,2
152465,1
808051,2
485595,-1
907857,1
976351,1
890487,1
22342,1
793794,2
397069,2
696234,1
446222,1
421398,0
133429,1
906252,1
414092,0
921186,-1
73317,1
750866,1
404488,1
217262,1
82084,1
178765,1
856902,-1
128311,1
28674,1
622104,0
530054,2
381560,1
98355,1
740344,1
138808,1
170089,0
226215,1
423833,1
369913,1
95896,-1
97840,2
89084,1
239009,1
366412,-1
851148,1
474593,1
633845,1
51545,1
278633,1
39361,0
221510,1
66321,2
66661,1
613615,1
942704,2
15587,0
353103,1
271735,1
159461,1
807877,1
934854,0
409387,1
203644,1
635192,1
772176,1
227248,1
319106,2
128668,2
731220,1
311826,0
808440,1
615105,-1
723926,2
582734,1
520223,1
858352,2
606234,1
276096,1
254986,0
381775,1
592526,1
230347,1
61228,1
819339,1
995982,2
727863,2
186751,1
964719,0
125624,1
344973,2
949789,1
599330,1
265518,1
298147,0
226325,0
239874,0
301650,1
157290,2
345248,2
137668,1
387140,2
393316,0
940665,1
206952,0
541428,2
886796,2
546374,1
922849,2
857364,2
528773,1
348027,1
534413,1
447525,-1
607037,1
136714,1
698954,2
496231,2
112559,1
746719,0
56423,1
111610,0
59106,1
324423,1
903495,1
522578,2
330418,1
170036,1
811734,1
336133,0
61446,2
286684,-1
86718,0
378434,2
95056,1
157217,2
678843,1
131307,2
531053,1
947694,1
759959,2
976235,1
772212,1
869188,1
7256,1
910026,1
970748,2
960297,1
487259,0
2648,1
93493,2
320569,0
435902,1
24812,2
709950,1
191870,2
544288,1
599634,2
948396,1
628855,1
219705,0
76369,1
209707,2
529193,-1
488505,1
649995,1
328227,2
734220,1
569724,2
617157,-1
835618,1
497694,1
6641,1
791125,0
479666,2
232716,1
786460,1
492966,2
885363,2
346906,1
295934,-1
650486,0
958263,1
939823,1
69802,1
264749,1
744004,1
903111,2
464048,1
353129,1
781817,1
105244,1
899313,0
421940,0
651955,0
966826,2
277192,0
557101,1
16077,1
788753,1
636671,-1
209113,2
17873,1
263873,2
818047,1
274518,1
137245,1
210901,2
452172,0
814366,2
212158,2
90901,1
143454,2
761556,2
505773,1
601972,1
74231,1
815985,1
481732,2
627871,0
594469,2
350756,1
269893,1
6511,-1
436306,2
780075,2
143536,1
635339,1
904919,1
775083,1
201705,1
71322,0
718755,-1
355397,0
7480,-1
676361,2
27930,1
689435,1
6365,0
117872,1
303319,1
758069,2
519052,0
173245,1
906749,1
9631,1
186664,1
818801,0
610128,1
200984,1
946451,1
588728,1
132012,1
746803,0
684358,2
180750,1
997932,2
291282,1
865532,-1
937154,1
272540,2
28014,1
54105,1
677318,2
142298,1
546152,1
131990,-1
930247,-1
405814,-1
849259,1
970178,1
775969,0
251906,0
209894,0
82633,1
216329,2
147245,1
375068,-1
432029,1
681008,1
985356,1
83642,2
924379,1
474657,-1
966145,1
943890,2
226367,1
60192,2
893971,1
418543,1
13358,1
520619,1
321598,1
741056,1
936461,1
143146,1
535965,1
281202,1
165837,1
613580,1
446237,0
897909,1
35072,0
334267,1
150295,1
414005,2
691449,2
586333,1
805955,1
994946,1
535234,1
990339,1
245539,1
142285,2
471258,1
181421,1
804056,0
250453,0
422794,1
896160,1
493299,0
579107,-1
853420,2
661565,-1
373413,2
962094,1
41812,0
504594,1
507593,1
210061,1
287454,1
536194,1
814693,0
400723,0
397613,-1
609991,2
343360,1
519580,1
631971,0
468411,0
239916,2
937873,1
562422,1
422498,1
88056,2
370179,-1
729780,1
758644,0
965567,2
327049,1
973414,-1
109041,1
457236,2
703005,0
666461,1
200379,1
800041,1
645036,2
888342,1
308411,1
896890,2
346042,1
211349,2
719119,-1
599794,1
710238,1
654615,1
744157,1
68991,-1
62494,1
119981,2
858023,1
470649,1
824428,1
499614,2
382254,2
927245,1
63744,1
175662,-1
808354,1
859015,1
22385,2
245056,1
237976,2
884803,1
107153,2
467496,1
935108,1
835385,0
345228,1
656751,2
64369,1
822812,1
893774,1
300949,1
368266,0
762993,2
364409,0
165076,1
845006,1
482039,1
934736,1
964388,0
57305,1
955294,1
64942,1
339722,0
804326,1
196186,1
945210,1
910005,2
256047,0
684487,-1
596984,1
100902,-1
555448,0
972459,1
925684,2
331377,1
326789,1
649869,1
447927,2
162757,1
121988,2
876900,1
428436,0
980099,1
469400,1
69303,1
901450,0
469091,-1
107745,2
759608,2
105104,2
937094,1
505536,2
166852,1
955751,1
297133,1
840457,0
246498,0
453796,1
752359,0
680137,1
651615,0
34294,2
566577,1
546774,1
672130,1
180963,1
894127,1
818501,1
57049,2
480533,1
249370,2
175803,2
390055,1
797992,1
720945,2
538702,0
526631,2
233659,0
288602,1
810965,-1
111100,0
528758,1
564829,1
538223,1
39918,-1
128542,1
110687,-1
198596,1
64585,2
586728,1
223741,2
753397,1
290174,2
542214,2
372837,2
288012,1
94780,2
964126,0
869801,1
366133,1
702070,1
407850,1
681790,2
528548,1
830318,1
720943,1
355391,1
910133,-1
644426,1
892393,2
147139,1
242092,1
337513,1
442543,1
331242,1
697685,1
238142,1
639271,1
390876,1
892822,1
368716,-1
391611,1
26366,2
830437,1
213126,1
421994,2
585939,2
475433,0
481193,0
388001,1
721285,1
395050,2
577469,1
211607,1
574907,1
805807,0
661405,1
767832,2
851400,1
726350,-1
826614,0
821952,1
468095,1
225454,1
937705,0
346504,1
372790,-1
715616,1
281080,0
361431,2
434867,1
425309,2
698813,1
615023,1
641,0
937551,1
133842,2
252814,2
575434,-1
242013,2
206664,1
399851,1
104630,0
237325,1
814076,1
438092,0
902087,1
845881,2
93753,2
746802,0
545644,1
494858,0
744232,1
518375,2
673188,-1
650394,1
579240,0
283548,1
964677,1
733088,1
795451,1
189822,1
554376,1
83587,1
77193,1
802848,2
258627,1
665792,1
322201,1
23535,1
630135,1
848949,1
802178,0
203862,0
239658,1
456223,1
586979,2
474632,2
651329,1
889489,2
725388,1
477844,2
376894,2
402248,1
310164,1
130849,1
374093,-1
481749,2
463808,0
288000,1
845217,-1
757316,1
262230,1
167856,1
215975,-1
182510,-1
396184,1
449083,0
627919,1
944107,1
314291,1
907344,1
380697,1
374602,0
568728,0
32358,1
358751,1
601169,1
563515,1
825374,0
401164,1
269512,1
736903,1
665185,1
703493,1
649176,1
89747,1
801434,0
750936,1
62996,1
197941,2
931726,1
999411,2
166179,1
415347,0
703334,1
535633,0
848046,2
26885,1
656503,1
876235,1
253058,1
335901,1
486930,1
519709,1
751553,1
15916,1
876083,-1
549489,0
484787,1
339205,1
293922,1
716370,0
121979,1
355364,-1
652890,1
736209,1
506571,1
874194,-1
24852,0
960566,1
932863,1
329246,-1
339552,2
175017,2
605037,1
910328,2
379922,1
620027,1
798220,-1
378654,1
90310,0
660044,1
143190,0
350310,2
743542,-1
66186,2
772331,0
205514,1
743938,1
534691,0
52110,1
179889,2
921175,2
516392,0
967962,1
8838,1
192236,2
212983,2
203985,0
710768,2
524220,1
750797,1
964888,1
969489,0
178619,1
704138,-1
132174,1
46263,-1
817449,2
870810,1
233755,1
609080,2
981674,-1
417942,-1
992917,-1
84796,2
346872,1
631393,2
340881,1
216823,1
182348,1
567946,1
141268,1
684612,0
687469,1
702863,1
286035,2
284067,1
458157,1
834117,2
255010,1
797499,1
646377,1
940776,1
195519,0
993798,2
364112,1
197836,-1
245546,2
365759,1
896324,1
351010,1
502504,1
332354,1
484950,1
37265,0
202025,1
886374,2
180486,1
687405,1
298447,1
9338,2
982971,2
328782,2
208788,-1
477780,1
941588,1
576611,1
947570,1
997910,1
74986,1
496365,-1
502482,-1
961810,2
94242,1
183339,1
780613,2
658499,1
144485,1
485804,1
265961,2
974437,1
430035,1
906357,1
327332,1
460921,1
493471,1
16241,2
58712,1
816270,2
910551,2
771337,0
573204,2
367907,1
372518,-1
639437,1
474666,1
648482,1
143860,0
114275,2
358451,2
576988,1
346022,1
533375,1
887942,1
643526,1
435200,1
73621,1
430733,2
187712,1
216777,-1
236330,0
615817,0
279661,0
515797,1
846929,1
927705,1
337882,1
651214,1
751056,1
248125,0
659759,1
44797,1
798117,-1
638313,1
204555,2
540417,1
352057,2
799088,2
934720,1
529609,2
358662,1
704245,2
932974,1
531048,1
71743,1
767345,2
530839,1
815047,-1
128752,1
39654,2
132905,1
116459,1
165532,2
502758,2
284295,2
29769,1
818671,1
201465,1
663088,0
184683,1
281280,1
496917,1
229445,1
906993,1
734003,1
970888,1
75892,2
829171,2
487955,1
127968,1
274632,0
731069,2
221632,1
769168,0
641285,1
454883,-1
821566,0
314629,2
82988,1
696785,0
797805,1
525201,1
599152,1
466357,1
191679,1
777617,1
3581,0
176471,2
188510,-1
852019,0
687573,1
1499,1
687976,1
815050,2
670948,1
321255,2
683149,1
157906,1
723426,1
977979,1
693058,2
917095,2
197950,2
812383,2
122505,1
913830,1
286098,1
76092,1
544534,1
370160,1
527515,2
617472,2
177127,0
173098,2
328325,0
443275,0
662169,-1
745784,1
877890,2
129486,2
57431,1
184494,1
653677,1
77414,2
766841,0
340443,1
331063,1
560136,2
791454,1
804182,2
996054,0
997577,1
678955,1
146227,0
299148,2
964213,-1
703910,-1
651805,0
360112,2
554929,1
460850,2
266567,2
988459,2
54960,0
262128,1
390911,1
663234,0
207607,1
166012,2
215025,1
819232,1
738464,1
152114,2
812759,-1
249602,2
802862,1
713304,1
577367,1
491349,0
652650,1
967930,1
900531,1
869994,-1
677812,1
576783,1
401607,2
935016,1
743175,1
966359,2
208243,1
332009,-1
486157,1
343615,1
462164,1
407405,1
931719,-1
642445,1
940529,2
693850,2
846956,2
999669,1
256463,1
37534,1
930321,-1
495749,1
363368,-1
482774,1
968706,1
984473,2
537348,1
511380,1
74611,1
714843,1
83398,0
953071,1
644182,2
636836,1
591233,1
479785,0
366080,1
86880,-1
285987,0
560727,1
248082,1
53406,1
152769,1
953075,0
798231,1
596716,1
496433,2
68652,0
415102,0
247580,1
739680,2
467608,1
120848,2
799462,2
580292,1
943835,0
990402,2
955360,1
947963,1
784748,1
502914,1
365296,2
158992,0
471246,1
345671,1
687199,1
321723,1
174439,2
442391,2
750827,1
171801,2
165677,1
563428,2
464821,1
116432,1
204331,2
644706,1
305351,1
731500,1
17208,1
19337,1
8755,1
133797,1
255140,0
627021,2
914045,0
763365,2
655183,1
773911,1
411123,2
125139,2
647348,2
335490,1
660005,1
612647,1
53118,0
402290,1
954816,1
285572,2
682172,2
229711,0
17840,0
959088,2
638708,1
940588,2
288271,1
961513,2
46205,0
27319,2
634943,0
895714,2
875167,1
78329,1
867455,0
470892,1
